SIM_SITIMO_CD;SIM_SITIMO_DS;CD_IMOVEL_URBANO;DT_VISTORIA;CD_VISTORIA
6;CERCADO;20151;14/11/2023;250749
1;VAGO;21501;05/12/2023;252324
3;OCUPADO;22132;13/07/2022;235488
2;OBSTRUIDO;22182;20/02/2020;218237
2;OBSTRUIDO;24319;15/08/2025;272094
6;CERCADO;30312;14/08/2025;272079
1;VAGO;47152;16/09/2022;237003
1;VAGO;48315;24/01/2022;232279
3;OCUPADO;51259;20/01/2021;223814
3;OCUPADO;52987;29/04/2025;269199
3;OCUPADO;53930;02/06/2023;243739
1;VAGO;53969;30/08/2022;236648
3;OCUPADO;54410;06/03/2023;241048
1;VAGO;54743;11/09/2024;263412
3;OCUPADO;55065;18/08/2021;228849
3;OCUPADO;55469;25/10/2022;238062
3;OCUPADO;55525;11/02/2020;217922
1;VAGO;55549;06/06/2024;258506
1;VAGO;55838;09/02/2026;277456
2;OBSTRUIDO;56796;28/01/2025;266500
2;OBSTRUIDO;56925;20/04/2020;218975
3;OCUPADO;57278;14/09/2022;236921
1;VAGO;57773;05/07/2023;244559
1;VAGO;57811;29/04/2024;257449
2;OBSTRUIDO;57814;12/11/2024;264907
3;OCUPADO;58050;01/06/2023;243663
3;OCUPADO;58103;26/05/2023;243518
3;OCUPADO;58104;26/05/2023;243519
3;OCUPADO;58166;03/06/2022;234813
2;OBSTRUIDO;59364;24/11/2025;275558
1;VAGO;59385;10/08/2020;220530
3;OCUPADO;59419;09/02/2021;224324
3;OCUPADO;59518;23/10/2025;274616
3;OCUPADO;59524;11/09/2025;272948
4;CONSTRUIDO;59530;19/01/2024;253850
3;OCUPADO;59772;25/11/2020;222567
2;OBSTRUIDO;59809;22/01/2026;276841
1;VAGO;60123;16/04/2020;218918
1;VAGO;60124;28/09/2020;221281
1;VAGO;60125;28/09/2020;221282
1;VAGO;60126;28/09/2020;221283
1;VAGO;60127;01/03/2020;218342
1;VAGO;60192;24/04/2024;257315
5;EM CONSTRUCAO;60246;04/04/2025;268554
1;VAGO;60271;24/04/2024;257316
4;CONSTRUIDO;60314;04/03/2020;218388
1;VAGO;60446;24/07/2020;220301
6;CERCADO;60463;05/07/2024;259660
1;VAGO;60627;23/05/2022;234607
6;CERCADO;60669;11/08/2023;246301
1;VAGO;60673;09/02/2023;240468
6;CERCADO;60941;17/03/2020;218690
3;OCUPADO;61045;23/02/2021;224576
6;CERCADO;61306;15/07/2020;220080
1;VAGO;61452;22/04/2025;268973
1;VAGO;61546;17/10/2025;274384
3;OCUPADO;61574;23/02/2021;224577
6;CERCADO;61582;16/05/2022;234445
5;EM CONSTRUCAO;61638;31/03/2023;241904
1;VAGO;61640;25/04/2023;242607
1;VAGO;61643;04/02/2022;232459
1;VAGO;61647;24/10/2024;264549
1;VAGO;61670;25/04/2023;242610
1;VAGO;61685;28/05/2025;269824
3;OCUPADO;61706;08/07/2025;270978
1;VAGO;61764;19/03/2024;256130
0;SITUACAO NAO CADASTRADA;62161;07/01/2021;223548
5;EM CONSTRUCAO;62178;05/05/2023;242961
2;OBSTRUIDO;62728;16/01/2025;266229
1;VAGO;62753;11/01/2023;239754
3;OCUPADO;62895;26/09/2024;263793
1;VAGO;63201;16/07/2024;261290
2;OBSTRUIDO;63208;17/03/2023;241393
1;VAGO;63209;09/01/2023;239709
1;VAGO;63212;20/04/2023;242408
6;CERCADO;63349;17/05/2024;258098
6;CERCADO;63350;17/05/2024;258099
6;CERCADO;63351;17/05/2024;258100
6;CERCADO;63352;17/05/2024;258101
5;EM CONSTRUCAO;63353;17/05/2024;258102
5;EM CONSTRUCAO;63354;17/05/2024;258103
1;VAGO;63355;17/05/2024;258105
2;OBSTRUIDO;63466;03/05/2023;242841
3;OCUPADO;63479;16/08/2023;246499
2;OBSTRUIDO;63482;07/04/2021;225672
3;OCUPADO;63514;17/09/2025;273247
2;OBSTRUIDO;63560;25/03/2020;218712
3;OCUPADO;63722;17/08/2020;220615
3;OCUPADO;63991;23/03/2023;241671
6;CERCADO;64140;28/12/2023;253286
3;OCUPADO;64217;02/03/2026;278090
1;VAGO;64348;01/06/2020;219405
1;VAGO;64350;25/10/2021;230799
1;VAGO;64359;21/06/2024;258885
1;VAGO;64381;19/05/2023;243402
1;VAGO;64438;08/12/2023;252957
3;OCUPADO;64691;31/05/2021;226633
6;CERCADO;64998;21/09/2021;229844
1;VAGO;65001;21/09/2021;229845
2;OBSTRUIDO;65203;07/06/2021;226754
1;VAGO;65213;26/06/2025;270512
1;VAGO;65278;12/04/2024;257027
1;VAGO;65397;09/04/2025;268748
4;CONSTRUIDO;65439;10/10/2024;264053
1;VAGO;65608;31/01/2022;232409
1;VAGO;65609;31/01/2022;232410
1;VAGO;65610;31/01/2022;232411
1;VAGO;65613;16/12/2025;276196
1;VAGO;65615;16/12/2025;276197
1;VAGO;65616;16/10/2025;274421
1;VAGO;65617;16/12/2025;276198
1;VAGO;65618;31/01/2022;232419
2;OBSTRUIDO;65619;30/10/2025;274828
2;OBSTRUIDO;65626;30/10/2025;274885
2;OBSTRUIDO;65627;30/10/2025;274886
2;OBSTRUIDO;65628;30/11/2025;274888
2;OBSTRUIDO;65631;07/01/2026;276427
2;OBSTRUIDO;65632;07/01/2026;276428
2;OBSTRUIDO;65633;07/01/2026;276429
2;OBSTRUIDO;65634;08/01/2026;276472
2;OBSTRUIDO;65635;08/01/2026;276473
2;OBSTRUIDO;65636;08/01/2026;276474
2;OBSTRUIDO;65637;08/01/2026;276475
2;OBSTRUIDO;65638;08/01/2026;276476
2;OBSTRUIDO;65639;30/10/2025;274837
2;OBSTRUIDO;65640;30/10/2025;274838
2;OBSTRUIDO;65641;30/10/2025;274839
1;VAGO;65648;30/10/2025;274846
1;VAGO;65649;30/10/2025;274847
1;VAGO;65650;16/03/2023;241279
1;VAGO;65651;16/03/2023;241280
1;VAGO;65652;16/03/2023;241281
1;VAGO;65653;16/03/2023;241284
1;VAGO;65654;16/03/2023;241285
1;VAGO;65655;16/03/2023;241287
1;VAGO;65656;16/03/2023;241288
1;VAGO;65658;26/03/2025;268362
1;VAGO;65659;16/03/2023;241282
1;VAGO;65660;16/03/2023;241292
1;VAGO;65673;26/02/2024;255369
1;VAGO;65674;02/01/2023;239605
3;OCUPADO;65802;23/05/2022;234639
3;OCUPADO;65804;23/05/2022;234641
3;OCUPADO;65806;23/05/2022;234642
3;OCUPADO;65808;23/05/2022;234643
1;VAGO;65858;29/08/2022;236609
2;OBSTRUIDO;65860;29/08/2022;236610
6;CERCADO;65863;31/10/2023;250018
6;CERCADO;65864;31/10/2023;250021
3;OCUPADO;65897;08/07/2025;270800
5;EM CONSTRUCAO;65898;23/04/2025;269036
4;CONSTRUIDO;65915;08/07/2022;235462
3;OCUPADO;65922;11/02/2021;224383
3;OCUPADO;65924;19/02/2021;224460
3;OCUPADO;65930;09/01/2025;266022
6;CERCADO;65954;16/10/2025;274423
6;CERCADO;65956;20/04/2022;233979
3;OCUPADO;65961;25/03/2025;268368
3;OCUPADO;66019;12/03/2024;255966
3;OCUPADO;66021;31/10/2024;264579
3;OCUPADO;66022;09/03/2022;233033
2;OBSTRUIDO;66033;03/11/2022;238266
6;CERCADO;66308;30/11/2022;238751
2;OBSTRUIDO;66310;30/11/2022;238752
4;CONSTRUIDO;66315;07/04/2022;233612
3;OCUPADO;66317;07/04/2022;233613
3;OCUPADO;66319;07/04/2022;233614
3;OCUPADO;66321;07/04/2022;233615
4;CONSTRUIDO;66323;07/04/2022;233617
4;CONSTRUIDO;66325;07/04/2022;233616
1;VAGO;66329;21/06/2023;244161
2;OBSTRUIDO;66330;30/01/2024;254380
3;OCUPADO;66335;31/07/2024;261871
3;OCUPADO;66362;01/09/2025;272545
6;CERCADO;66378;08/12/2023;252848
2;OBSTRUIDO;66424;11/11/2024;264838
3;OCUPADO;66426;30/06/2022;235343
3;OCUPADO;66455;23/04/2025;269011
3;OCUPADO;66456;03/05/2023;242874
2;OBSTRUIDO;66476;10/06/2024;258546
3;OCUPADO;66481;18/01/2022;232200
3;OCUPADO;66485;13/01/2022;232122
2;OBSTRUIDO;66491;08/09/2025;272769
6;CERCADO;66509;14/06/2023;243963
1;VAGO;66510;14/06/2023;243964
3;OCUPADO;66514;30/01/2023;240177
2;OBSTRUIDO;66520;15/09/2023;247570
2;OBSTRUIDO;66522;28/12/2023;253295
2;OBSTRUIDO;66524;14/06/2023;243967
2;OBSTRUIDO;66525;07/10/2022;244670
2;OBSTRUIDO;66526;14/06/2023;243966
2;OBSTRUIDO;66527;14/06/2023;243972
2;OBSTRUIDO;66528;14/06/2023;243965
2;OBSTRUIDO;66530;14/06/2023;243971
2;OBSTRUIDO;66531;10/02/2023;240514
2;OBSTRUIDO;66532;10/02/2023;240515
2;OBSTRUIDO;66533;13/10/2022;237779
2;OBSTRUIDO;66534;13/10/2022;237778
2;OBSTRUIDO;66535;13/10/2022;237780
2;OBSTRUIDO;66536;10/02/2023;240512
2;OBSTRUIDO;66537;13/10/2022;237781
2;OBSTRUIDO;66538;10/02/2023;240513
2;OBSTRUIDO;66539;13/10/2022;237782
1;VAGO;66541;20/12/2024;265828
6;CERCADO;66543;03/11/2022;238261
6;CERCADO;66545;03/11/2022;238264
3;OCUPADO;66546;08/01/2025;266016
6;CERCADO;66547;03/11/2022;238265
6;CERCADO;66549;24/04/2023;242521
6;CERCADO;66550;31/10/2023;250030
1;VAGO;66551;31/10/2023;250031
6;CERCADO;66552;31/10/2023;250032
2;OBSTRUIDO;66553;07/01/2025;266093
3;OCUPADO;66555;07/01/2025;266094
6;CERCADO;66557;07/01/2025;266096
6;CERCADO;66559;29/07/2025;271513
6;CERCADO;66561;29/07/2025;271514
6;CERCADO;66563;29/07/2025;271515
3;OCUPADO;66564;10/11/2025;275142
3;OCUPADO;66565;29/07/2025;271516
4;CONSTRUIDO;66566;14/01/2026;276636
6;CERCADO;66597;25/11/2025;275625
6;CERCADO;66598;14/06/2023;243968
6;CERCADO;66599;14/06/2023;243969
1;VAGO;66601;12/02/2025;267049
1;VAGO;66603;12/02/2025;267050
1;VAGO;66605;12/02/2025;267051
2;OBSTRUIDO;66606;04/09/2024;263272
2;OBSTRUIDO;66607;12/02/2025;267052
2;OBSTRUIDO;66608;04/09/2024;263273
6;CERCADO;66609;24/02/2025;267436
2;OBSTRUIDO;66610;04/09/2024;263268
3;OCUPADO;66611;21/02/2025;267397
1;VAGO;66612;07/01/2025;266097
1;VAGO;66613;14/11/2023;250726
1;VAGO;66614;14/11/2023;250731
1;VAGO;66615;14/11/2023;250736
6;CERCADO;66616;16/10/2025;274420
6;CERCADO;66617;26/01/2026;276966
3;OCUPADO;66619;20/02/2026;277692
1;VAGO;66622;11/11/2024;264883
1;VAGO;66623;22/08/2024;262708
1;VAGO;66624;17/04/2024;257173
1;VAGO;66625;20/12/2024;265829
1;VAGO;66626;17/04/2024;257180
3;OCUPADO;66627;24/02/2025;267435
2;OBSTRUIDO;66628;17/04/2024;257178
2;OBSTRUIDO;66693;04/09/2024;263243
1;VAGO;66701;20/12/2022;239436
2;OBSTRUIDO;66703;20/12/2022;239435
2;OBSTRUIDO;66705;20/12/2022;239434
1;VAGO;66800;08/06/2022;234990
1;VAGO;66801;20/03/2023;241477
1;VAGO;66802;08/06/2022;234987
1;VAGO;66803;20/03/2023;241478
1;VAGO;66804;08/06/2022;234986
3;OCUPADO;66805;03/07/2025;270736
3;OCUPADO;66806;03/07/2025;270739
1;VAGO;66807;20/03/2023;241480
1;VAGO;66808;08/06/2022;234983
1;VAGO;66809;03/07/2025;270742
1;VAGO;66810;08/06/2022;234981
1;VAGO;66811;15/12/2020;222977
3;OCUPADO;66870;09/11/2021;231003
3;OCUPADO;66871;09/11/2021;231004
3;OCUPADO;66872;09/11/2021;231005
3;OCUPADO;66873;09/11/2021;231006
3;OCUPADO;66874;09/11/2021;231007
3;OCUPADO;66875;09/11/2021;231008
3;OCUPADO;66876;09/11/2021;231009
3;OCUPADO;66877;09/11/2021;231010
3;OCUPADO;66878;09/11/2021;231011
3;OCUPADO;66879;09/11/2021;231012
3;OCUPADO;66880;09/11/2021;231013
3;OCUPADO;66881;09/11/2021;231014
3;OCUPADO;66882;09/11/2021;231015
3;OCUPADO;66883;09/11/2021;231016
3;OCUPADO;66884;09/11/2021;231017
3;OCUPADO;66885;09/11/2021;231018
3;OCUPADO;66886;09/11/2021;231019
3;OCUPADO;66887;09/11/2021;231020
3;OCUPADO;66888;09/11/2021;231021
3;OCUPADO;66889;09/11/2021;231022
6;CERCADO;66930;13/07/2020;220061
1;VAGO;66931;29/04/2020;219059
6;CERCADO;66932;13/07/2020;220062
1;VAGO;66933;29/04/2020;219061
1;VAGO;66934;29/04/2020;219062
6;CERCADO;66935;29/04/2020;219063
1;VAGO;66936;29/04/2020;219064
1;VAGO;66937;29/04/2020;219065
1;VAGO;66938;29/04/2020;219066
1;VAGO;66939;29/04/2020;219067
1;VAGO;66940;29/04/2020;219068
1;VAGO;66941;29/04/2020;219069
1;VAGO;66942;29/04/2020;219070
3;OCUPADO;66943;25/03/2025;268314
2;OBSTRUIDO;67008;02/12/2020;222610
1;VAGO;67060;22/08/2025;272423
1;VAGO;67062;12/11/2024;264870
1;VAGO;67063;12/11/2024;264871
1;VAGO;67064;12/11/2024;264872
1;VAGO;67065;12/11/2024;264873
1;VAGO;67066;05/07/2023;244539
1;VAGO;67067;05/07/2023;244548
1;VAGO;67068;05/07/2023;244540
1;VAGO;67069;05/07/2023;244547
1;VAGO;67070;05/07/2023;244541
1;VAGO;67071;05/07/2023;244546
2;OBSTRUIDO;67072;21/06/2023;244165
1;VAGO;67073;05/07/2023;244545
2;OBSTRUIDO;67074;21/06/2023;244166
1;VAGO;67075;05/07/2023;244544
2;OBSTRUIDO;67076;21/06/2023;244167
1;VAGO;67077;05/07/2023;244543
2;OBSTRUIDO;67078;21/06/2023;244168
1;VAGO;67079;05/07/2023;244542
3;OCUPADO;67182;11/03/2022;233096
1;VAGO;67315;10/02/2023;240516
2;OBSTRUIDO;67316;24/07/2023;245375
2;OBSTRUIDO;67317;24/07/2023;245376
1;VAGO;67318;05/12/2023;252331
1;VAGO;67319;05/12/2023;252333
3;OCUPADO;67388;25/02/2022;232918
3;OCUPADO;68649;17/02/2025;267225
1;VAGO;68651;17/02/2025;267224
1;VAGO;68792;06/10/2025;274009
1;VAGO;71485;15/08/2023;246411
1;VAGO;71724;08/06/2021;226765
1;VAGO;72973;12/03/2021;224945
2;OBSTRUIDO;75094;13/03/2024;255980
2;OBSTRUIDO;75120;16/07/2021;228084
2;OBSTRUIDO;75126;19/07/2024;261349
1;VAGO;75316;17/06/2020;219547
2;OBSTRUIDO;75545;18/12/2019;216590
1;VAGO;75548;07/01/2026;276488
1;VAGO;75559;23/02/2023;240778
1;VAGO;75569;23/09/2021;230043
1;VAGO;75587;01/10/2020;221401
1;VAGO;75589;01/10/2020;221403
2;OBSTRUIDO;75590;07/06/2024;258600
1;VAGO;75591;01/10/2020;221402
2;OBSTRUIDO;75593;01/11/2022;238204
2;OBSTRUIDO;76355;16/02/2023;240699
1;VAGO;76356;15/02/2023;240633
3;OCUPADO;76359;18/06/2025;270367
1;VAGO;76367;11/11/2020;222346
1;VAGO;76368;13/02/2023;240531
1;VAGO;76370;02/12/2024;265297
2;OBSTRUIDO;76404;18/09/2023;247674
1;VAGO;76410;24/04/2023;242458
1;VAGO;76413;14/08/2023;246388
1;VAGO;77126;21/10/2022;237949
1;VAGO;77162;06/12/2023;252500
1;VAGO;77183;15/08/2023;246412
2;OBSTRUIDO;77206;25/04/2025;269157
2;OBSTRUIDO;77208;25/04/2025;269155
1;VAGO;77209;25/08/2025;272378
1;VAGO;77210;20/08/2025;272279
1;VAGO;77211;18/12/2024;265674
3;OCUPADO;77404;08/11/2023;250024
3;OCUPADO;77810;20/05/2025;269632
1;VAGO;78073;11/11/2020;222345
2;OBSTRUIDO;78480;21/03/2023;241488
2;OBSTRUIDO;78481;21/03/2023;241489
2;OBSTRUIDO;78482;19/04/2023;242402
1;VAGO;78483;13/10/2022;237804
5;EM CONSTRUCAO;79113;15/05/2020;219197
1;VAGO;79749;15/01/2020;217179
3;OCUPADO;80338;08/10/2024;263985
1;VAGO;80351;17/10/2022;237831
2;OBSTRUIDO;80651;07/01/2025;266026
3;OCUPADO;80656;12/09/2025;273178
1;VAGO;80657;08/11/2024;264789
1;VAGO;80678;13/12/2021;231604
1;VAGO;80679;11/03/2025;267838
1;VAGO;80680;12/04/2021;225770
1;VAGO;80682;01/09/2021;229406
1;VAGO;80685;09/05/2025;269370
1;VAGO;81062;10/08/2022;236205
1;VAGO;81064;26/04/2023;242774
1;VAGO;81065;26/04/2023;242773
3;OCUPADO;81068;03/02/2023;240325
1;VAGO;81069;27/01/2023;240146
2;OBSTRUIDO;81070;27/01/2023;240147
1;VAGO;81073;08/06/2021;226782
1;VAGO;81076;08/06/2021;226781
1;VAGO;81078;14/06/2023;243957
1;VAGO;81079;08/06/2021;226779
1;VAGO;81081;17/07/2023;244924
2;OBSTRUIDO;81085;17/05/2021;226321
1;VAGO;81087;06/12/2023;252499
3;OCUPADO;81089;27/05/2025;269945
1;VAGO;81099;09/06/2020;219490
1;VAGO;81100;09/06/2020;219491
1;VAGO;81101;10/06/2020;219496
1;VAGO;81102;10/06/2020;219497
1;VAGO;81354;27/01/2023;240143
2;OBSTRUIDO;81571;20/03/2024;256174
1;VAGO;81572;20/03/2024;256175
1;VAGO;81581;19/01/2024;253852
1;VAGO;81582;14/07/2022;235524
1;VAGO;81851;03/10/2024;263987
1;VAGO;81860;25/09/2025;273587
1;VAGO;81863;04/07/2025;270745
1;VAGO;81867;18/12/2024;265685
1;VAGO;81928;04/07/2025;270747
1;VAGO;81930;08/07/2025;270798
1;VAGO;81931;08/07/2025;270799
1;VAGO;81933;15/02/2023;240631
1;VAGO;81934;19/11/2025;275547
1;VAGO;81939;03/09/2025;272623
1;VAGO;81940;20/03/2024;256207
2;OBSTRUIDO;82054;08/06/2021;226777
3;OCUPADO;82266;03/10/2025;273944
3;OCUPADO;82267;18/11/2021;231173
3;OCUPADO;82286;13/06/2022;235051
2;OBSTRUIDO;82317;22/05/2024;258219
3;OCUPADO;82318;26/01/2021;224027
3;OCUPADO;82323;31/05/2022;234796
3;OCUPADO;82324;31/05/2022;234795
1;VAGO;87500;04/12/2020;222824
1;VAGO;87501;26/08/2024;262828
1;VAGO;87503;09/08/2021;228553
2;OBSTRUIDO;87504;09/08/2021;228549
1;VAGO;101842;18/08/2020;220659
1;VAGO;101843;18/08/2020;220660
2;OBSTRUIDO;101844;18/08/2020;220661
1;VAGO;101845;26/10/2022;238079
1;VAGO;101851;22/07/2022;235669
3;OCUPADO;102100;07/01/2021;223608
1;VAGO;106267;09/02/2026;277457
1;VAGO;112737;10/04/2024;256882
1;VAGO;112739;25/03/2025;268165
1;VAGO;112740;10/04/2024;256885
1;VAGO;112741;10/04/2024;256887
6;CERCADO;114074;10/04/2024;256889
4;CONSTRUIDO;114075;16/10/2025;274353
3;OCUPADO;114076;21/06/2024;258874
3;OCUPADO;114077;21/06/2024;258875
3;OCUPADO;114078;21/06/2024;258877
3;OCUPADO;114079;21/06/2024;258878
3;OCUPADO;114080;21/06/2024;258879
3;OCUPADO;114081;21/06/2024;258880
6;CERCADO;114087;10/04/2024;256892
1;VAGO;132932;18/08/2020;220665
3;OCUPADO;143871;25/10/2022;238063
3;OCUPADO;145397;11/05/2022;234378
1;VAGO;145473;27/10/2020;221874
1;VAGO;146203;06/10/2025;274012
3;OCUPADO;151611;09/02/2021;224325
2;OBSTRUIDO;152867;08/07/2024;259255
1;VAGO;154088;21/09/2021;229842
2;OBSTRUIDO;154097;23/02/2024;255153
2;OBSTRUIDO;154098;10/09/2024;263401
1;VAGO;154116;24/03/2025;268176
2;OBSTRUIDO;154117;12/02/2025;267059
2;OBSTRUIDO;154118;23/04/2021;225950
1;VAGO;154135;30/01/2024;254464
3;OCUPADO;155123;22/11/2024;265062
3;OCUPADO;155139;26/07/2021;228280
3;OCUPADO;155141;02/12/2020;222671
2;OBSTRUIDO;155144;16/05/2023;243220
3;OCUPADO;155164;22/05/2025;269848
1;VAGO;155165;11/03/2025;267885
3;OCUPADO;155166;23/10/2025;274709
2;OBSTRUIDO;155168;07/04/2022;233704
3;OCUPADO;155169;19/07/2022;235560
3;OCUPADO;155170;19/07/2022;235561
2;OBSTRUIDO;155190;11/03/2024;255891
3;OCUPADO;155194;07/02/2020;217872
2;OBSTRUIDO;155218;24/01/2023;240039
3;OCUPADO;156720;14/08/2023;246375
3;OCUPADO;156721;02/08/2024;261992
2;OBSTRUIDO;156724;20/12/2024;265824
2;OBSTRUIDO;156726;30/08/2022;236633
1;VAGO;156727;30/08/2022;236632
3;OCUPADO;156728;18/11/2024;265017
2;OBSTRUIDO;156729;11/03/2024;255893
1;VAGO;156732;08/09/2022;236807
1;VAGO;156776;30/10/2023;249681
1;VAGO;156791;16/06/2021;226982
2;OBSTRUIDO;156792;31/03/2025;268446
6;CERCADO;156809;30/01/2026;277166
1;VAGO;156814;23/12/2020;223222
2;OBSTRUIDO;156815;23/12/2020;223223
3;OCUPADO;156822;06/03/2023;241023
3;OCUPADO;158423;09/06/2025;270170
4;CONSTRUIDO;164223;27/01/2021;224002
1;VAGO;165919;23/09/2020;221222
5;EM CONSTRUCAO;166177;17/12/2025;276234
2;OBSTRUIDO;166190;23/04/2021;225935
1;VAGO;166467;23/09/2023;248010
1;VAGO;166477;11/03/2024;255889
1;VAGO;166502;22/05/2024;258216
1;VAGO;166503;26/08/2024;262830
1;VAGO;166506;18/12/2020;223071
1;VAGO;166507;10/08/2022;236195
2;OBSTRUIDO;166508;18/12/2020;223072
3;OCUPADO;166509;09/01/2025;266020
3;OCUPADO;166778;06/08/2025;271793
1;VAGO;166780;11/03/2020;218548
1;VAGO;166977;08/07/2025;270784
1;VAGO;166994;12/03/2020;218578
1;VAGO;167192;15/01/2020;217175
2;OBSTRUIDO;167535;23/04/2021;225934
1;VAGO;167541;03/12/2020;222683
1;VAGO;167544;20/10/2021;230745
1;VAGO;167545;20/10/2021;230746
1;VAGO;167566;16/06/2020;219615
2;OBSTRUIDO;167569;08/06/2021;226764
1;VAGO;167570;16/06/2020;219616
1;VAGO;168308;08/07/2025;270786
1;VAGO;168312;14/07/2022;235510
1;VAGO;168329;06/07/2020;219930
1;VAGO;168330;02/05/2023;242782
2;OBSTRUIDO;168331;02/05/2023;242784
1;VAGO;168332;06/07/2020;219934
1;VAGO;168333;06/07/2020;219935
1;VAGO;168334;06/07/2020;219936
1;VAGO;168335;15/01/2020;217178
2;OBSTRUIDO;168346;11/03/2024;255892
3;OCUPADO;168372;03/11/2021;230920
2;OBSTRUIDO;168776;07/11/2024;264678
1;VAGO;169099;14/09/2021;229632
5;EM CONSTRUCAO;169108;05/11/2025;275086
2;OBSTRUIDO;169124;05/12/2023;252343
6;CERCADO;169126;26/05/2022;234708
3;OCUPADO;169131;30/01/2024;254488
6;CERCADO;169133;30/01/2024;254489
1;VAGO;169189;11/08/2023;246312
6;CERCADO;169642;16/04/2020;218921
3;OCUPADO;170079;20/09/2024;263674
1;VAGO;180917;30/01/2024;254466
1;VAGO;180959;03/10/2024;263965
2;OBSTRUIDO;180981;04/03/2021;224735
1;VAGO;181042;10/06/2024;258541
6;CERCADO;181045;05/07/2024;259202
1;VAGO;181082;02/05/2022;234208
1;VAGO;181083;02/05/2022;234207
1;VAGO;181084;02/05/2022;234205
2;OBSTRUIDO;181097;25/05/2023;243503
2;OBSTRUIDO;181101;21/05/2020;219244
1;VAGO;181102;05/12/2023;252358
2;OBSTRUIDO;181103;21/05/2020;219245
1;VAGO;181104;05/12/2023;252360
2;OBSTRUIDO;181105;21/05/2020;219246
1;VAGO;181109;21/06/2023;244155
1;VAGO;181110;21/06/2023;244157
1;VAGO;181111;21/06/2023;244160
1;VAGO;181112;01/08/2023;245735
1;VAGO;181113;13/01/2025;266163
1;VAGO;181154;01/08/2023;245726
1;VAGO;181155;21/06/2023;244152
1;VAGO;181156;21/06/2023;244153
2;OBSTRUIDO;181157;27/06/2023;244338
1;VAGO;182316;21/05/2020;219243
3;OCUPADO;183115;11/02/2020;217924
6;CERCADO;183116;11/02/2020;217925
3;OCUPADO;183117;11/02/2020;217926
3;OCUPADO;183118;11/02/2020;217927
3;OCUPADO;183173;30/08/2022;236629
3;OCUPADO;183174;30/08/2022;236630
3;OCUPADO;183175;30/08/2022;236631
1;VAGO;184954;12/06/2023;243952
1;VAGO;185050;23/04/2024;257323
1;VAGO;185059;22/05/2024;258213
1;VAGO;185067;13/12/2023;253026
1;VAGO;185072;26/10/2023;249624
1;VAGO;185147;04/02/2022;232491
1;VAGO;185152;25/04/2025;269145
1;VAGO;185155;15/01/2020;217169
1;VAGO;185156;16/07/2021;228053
1;VAGO;185157;11/03/2024;255882
2;OBSTRUIDO;185162;23/04/2024;257324
2;OBSTRUIDO;185163;23/04/2024;257325
1;VAGO;185169;07/01/2025;266045
1;VAGO;185170;07/01/2025;266046
1;VAGO;185171;07/01/2025;266047
1;VAGO;185172;26/08/2024;262831
1;VAGO;185173;27/01/2026;277046
1;VAGO;185175;27/01/2026;277048
1;VAGO;185176;27/01/2026;277049
1;VAGO;185178;27/01/2026;277051
1;VAGO;185179;27/01/2026;277052
1;VAGO;185180;23/01/2026;276953
2;OBSTRUIDO;185338;15/02/2023;240637
1;VAGO;185344;07/03/2025;267759
1;VAGO;185402;02/07/2025;270626
1;VAGO;185475;12/09/2022;236886
1;VAGO;185476;29/01/2024;254219
1;VAGO;185477;26/10/2021;230843
1;VAGO;185478;29/01/2024;254220
2;OBSTRUIDO;185479;05/02/2025;266816
1;VAGO;185488;11/05/2021;226207
1;VAGO;185494;25/04/2025;269159
1;VAGO;185496;28/06/2021;227244
1;VAGO;185499;01/07/2025;270629
1;VAGO;185501;25/04/2025;269152
1;VAGO;185502;25/04/2025;269153
1;VAGO;185503;01/07/2025;270631
1;VAGO;185505;01/07/2025;270633
1;VAGO;185833;24/09/2024;263726
1;VAGO;185841;11/03/2022;233132
1;VAGO;185842;11/03/2022;233137
1;VAGO;185847;18/06/2020;219623
2;OBSTRUIDO;185848;06/06/2022;234841
1;VAGO;185855;09/01/2023;239712
2;OBSTRUIDO;185858;09/01/2023;239715
1;VAGO;185859;03/10/2024;263988
1;VAGO;185863;10/10/2024;264150
1;VAGO;185868;12/09/2025;272933
2;OBSTRUIDO;185872;24/02/2022;232892
1;VAGO;185875;12/09/2025;272935
1;VAGO;185876;20/01/2026;276830
1;VAGO;185879;18/12/2024;265680
1;VAGO;185880;20/03/2023;241469
1;VAGO;185881;20/03/2023;241482
1;VAGO;185884;20/03/2023;241473
1;VAGO;185895;05/02/2025;266811
1;VAGO;185896;05/02/2025;266812
1;VAGO;185901;02/10/2025;273861
1;VAGO;185905;19/09/2025;273325
6;CERCADO;185915;01/12/2021;231353
2;OBSTRUIDO;185916;03/11/2021;230919
1;VAGO;185923;29/05/2025;269927
1;VAGO;186397;19/11/2025;275527
1;VAGO;186398;19/11/2025;275526
1;VAGO;186401;28/05/2025;269960
1;VAGO;186402;05/02/2025;266820
1;VAGO;186403;12/06/2023;243953
1;VAGO;186404;09/11/2021;230989
1;VAGO;186406;20/01/2026;276833
1;VAGO;186423;17/03/2023;241371
1;VAGO;186424;17/03/2023;241373
1;VAGO;186425;17/03/2023;241374
1;VAGO;186426;17/03/2023;241375
1;VAGO;186430;09/06/2025;270149
1;VAGO;186431;10/04/2025;268791
1;VAGO;186433;10/04/2025;268787
1;VAGO;186435;10/04/2025;268784
1;VAGO;186440;09/01/2023;239710
1;VAGO;186449;04/12/2024;265384
5;EM CONSTRUCAO;186454;27/04/2022;234106
1;VAGO;186473;06/07/2020;219938
1;VAGO;186478;12/06/2023;243950
1;VAGO;186480;10/02/2025;266911
2;OBSTRUIDO;186488;03/09/2024;263186
5;EM CONSTRUCAO;186490;18/08/2025;272127
1;VAGO;186491;19/04/2023;242378
1;VAGO;186495;14/08/2025;272059
1;VAGO;186503;29/10/2020;222027
3;OCUPADO;186511;04/03/2026;278073
1;VAGO;186516;09/02/2022;232646
1;VAGO;186517;29/07/2025;271581
1;VAGO;186520;26/10/2021;230853
1;VAGO;186522;26/10/2021;230855
1;VAGO;186523;26/10/2021;230856
1;VAGO;186524;26/10/2021;230857
1;VAGO;186789;21/07/2022;235615
1;VAGO;187141;11/03/2022;233136
1;VAGO;187312;21/08/2024;262656
1;VAGO;187314;21/08/2024;262657
1;VAGO;187320;04/02/2022;232540
1;VAGO;187321;02/06/2021;226718
2;OBSTRUIDO;187322;23/11/2023;251246
2;OBSTRUIDO;187323;15/08/2023;246410
3;OCUPADO;187331;22/08/2024;262698
3;OCUPADO;187334;15/08/2025;272103
1;VAGO;187354;01/09/2021;229409
1;VAGO;187355;01/09/2021;229410
1;VAGO;187356;01/09/2021;229408
2;OBSTRUIDO;187371;19/11/2025;275528
2;OBSTRUIDO;187373;25/08/2025;272382
1;VAGO;187681;11/03/2022;233141
1;VAGO;187682;30/11/2022;238779
1;VAGO;187685;11/03/2022;233155
3;OCUPADO;187688;23/08/2024;262747
1;VAGO;187689;12/08/2021;228714
1;VAGO;187691;20/02/2024;254967
1;VAGO;188100;17/08/2020;220632
1;VAGO;188102;17/06/2021;227007
3;OCUPADO;188105;03/10/2024;263992
1;VAGO;188107;12/02/2020;217966
3;OCUPADO;188108;19/08/2025;272226
1;VAGO;188110;25/06/2025;270494
2;OBSTRUIDO;188297;11/03/2022;233157
1;VAGO;188303;19/09/2025;273356
1;VAGO;188304;19/09/2025;273333
1;VAGO;188305;06/05/2025;269321
1;VAGO;188322;29/07/2025;271565
1;VAGO;188323;29/07/2025;271561
1;VAGO;188326;03/10/2024;263989
1;VAGO;188329;15/10/2024;264194
1;VAGO;188782;11/03/2025;267836
1;VAGO;188783;11/03/2025;267835
1;VAGO;188784;11/03/2025;267834
1;VAGO;188785;11/03/2022;233139
1;VAGO;188786;14/08/2025;272058
1;VAGO;188787;05/02/2025;266804
2;OBSTRUIDO;188933;03/09/2024;263198
3;OCUPADO;188942;12/09/2025;272932
3;OCUPADO;188949;19/01/2021;223760
1;VAGO;189397;13/01/2022;232103
1;VAGO;189398;13/01/2022;232104
1;VAGO;189403;29/07/2025;271553
1;VAGO;189405;29/07/2025;271555
1;VAGO;189424;15/12/2025;276099
3;OCUPADO;189498;15/10/2024;264196
1;VAGO;189500;28/11/2024;265246
2;OBSTRUIDO;189506;06/01/2025;265965
2;OBSTRUIDO;189507;07/11/2024;264683
1;VAGO;189508;15/08/2025;272120
1;VAGO;190050;16/12/2020;222990
2;OBSTRUIDO;190443;16/05/2023;243170
2;OBSTRUIDO;190444;16/05/2023;243171
1;VAGO;190445;16/05/2023;243172
1;VAGO;190446;16/05/2023;243173
2;OBSTRUIDO;190464;09/06/2025;270155
1;VAGO;190475;13/12/2023;253021
1;VAGO;190476;13/12/2023;253022
1;VAGO;190967;10/07/2023;244718
1;VAGO;190977;10/12/2019;216118
2;OBSTRUIDO;190996;09/11/2023;250099
1;VAGO;191478;15/09/2023;247737
2;OBSTRUIDO;191547;15/09/2023;247733
1;VAGO;191548;15/09/2023;247735
1;VAGO;191574;16/02/2024;254924
1;VAGO;191579;13/12/2023;253024
1;VAGO;191878;17/08/2020;220626
2;OBSTRUIDO;191882;14/02/2022;232716
1;VAGO;191885;28/04/2021;226094
1;VAGO;191886;28/04/2021;226095
1;VAGO;191900;27/02/2025;267552
1;VAGO;191908;25/08/2025;272379
6;CERCADO;191913;10/08/2022;236235
1;VAGO;192206;18/09/2023;247670
1;VAGO;192213;21/12/2024;265805
2;OBSTRUIDO;192214;28/05/2025;269963
1;VAGO;192216;03/09/2021;229376
1;VAGO;192217;03/09/2021;229377
1;VAGO;192237;22/05/2024;258197
1;VAGO;192242;12/09/2025;272936
1;VAGO;192589;23/09/2021;229873
1;VAGO;192590;21/12/2024;265813
1;VAGO;192591;16/07/2021;228101
1;VAGO;192597;23/09/2021;229876
3;OCUPADO;192609;21/10/2024;264362
3;OCUPADO;192610;11/11/2024;264829
1;VAGO;192628;06/06/2022;234836
1;VAGO;192963;22/09/2022;237117
1;VAGO;192987;16/07/2021;228103
1;VAGO;192988;16/07/2021;228105
1;VAGO;193009;16/09/2021;229764
1;VAGO;193010;16/09/2021;229767
1;VAGO;193011;11/03/2022;233140
1;VAGO;193012;03/01/2023;239610
1;VAGO;193013;14/07/2022;235517
1;VAGO;193014;14/07/2022;235520
2;OBSTRUIDO;193297;03/05/2023;242853
1;VAGO;193298;18/12/2024;265684
2;OBSTRUIDO;193299;28/05/2025;269971
1;VAGO;193300;19/01/2026;276824
1;VAGO;193310;06/02/2025;266806
1;VAGO;193313;29/07/2025;271634
2;OBSTRUIDO;193314;18/08/2025;272178
1;VAGO;193315;29/07/2025;271637
1;VAGO;193316;22/09/2025;273428
2;OBSTRUIDO;193317;29/07/2025;271639
1;VAGO;193630;28/04/2021;226097
1;VAGO;193631;28/04/2021;226099
1;VAGO;193632;10/02/2025;266915
1;VAGO;193650;08/02/2022;232573
2;OBSTRUIDO;193652;13/01/2025;267047
1;VAGO;193653;09/06/2025;270147
6;CERCADO;193654;11/08/2025;271897
3;OCUPADO;193655;09/06/2025;270228
1;VAGO;193660;12/09/2025;272938
2;OBSTRUIDO;193668;23/09/2021;229877
1;VAGO;193677;26/06/2025;270483
1;VAGO;193860;14/08/2025;272041
1;VAGO;193861;14/08/2025;272044
1;VAGO;193862;14/08/2025;272042
1;VAGO;193864;22/09/2025;273429
1;VAGO;193865;03/10/2024;263998
1;VAGO;193871;05/02/2025;266808
1;VAGO;193872;16/09/2021;229760
1;VAGO;193873;16/09/2021;229761
1;VAGO;193874;16/09/2021;229762
1;VAGO;193881;07/01/2025;266027
1;VAGO;193885;07/01/2025;266033
1;VAGO;193917;29/07/2025;271584
1;VAGO;193918;13/01/2025;266140
1;VAGO;193928;24/06/2020;219697
1;VAGO;194253;04/02/2022;232505
1;VAGO;194275;19/03/2021;225477
1;VAGO;194444;10/09/2024;263414
1;VAGO;194626;04/02/2022;232489
1;VAGO;194631;04/02/2022;232521
1;VAGO;194632;21/03/2023;241484
3;OCUPADO;194633;14/05/2025;269484
3;OCUPADO;194634;16/06/2025;270299
1;VAGO;194645;21/10/2022;237950
1;VAGO;194646;03/01/2023;239619
1;VAGO;194647;13/08/2020;220590
1;VAGO;194648;23/03/2020;218691
1;VAGO;194671;16/05/2023;243177
1;VAGO;194683;28/09/2021;230195
1;VAGO;195035;03/09/2024;263179
1;VAGO;195041;21/07/2022;235612
3;OCUPADO;195428;24/04/2025;269066
1;VAGO;195446;23/12/2024;265889
1;VAGO;195692;16/05/2023;243175
1;VAGO;195693;16/05/2023;243176
1;VAGO;195876;28/05/2025;269955
2;OBSTRUIDO;197972;29/01/2021;224034
1;VAGO;198721;26/03/2025;268345
1;VAGO;198722;26/03/2025;268344
1;VAGO;198723;26/03/2025;268343
1;VAGO;198724;26/03/2025;268342
6;CERCADO;198725;26/03/2025;268341
6;CERCADO;198726;26/03/2025;268340
1;VAGO;198733;26/03/2025;268338
1;VAGO;198734;26/03/2025;268337
6;CERCADO;198735;08/01/2026;276458
6;CERCADO;198736;14/08/2025;272083
2;OBSTRUIDO;198737;08/01/2026;276459
6;CERCADO;198739;14/08/2025;272080
6;CERCADO;198740;15/04/2024;257035
6;CERCADO;198742;26/03/2025;268331
6;CERCADO;198745;08/01/2026;276463
3;OCUPADO;206123;11/03/2024;255897
3;OCUPADO;206147;08/08/2024;262330
6;CERCADO;206401;12/04/2021;225765
3;OCUPADO;206451;26/10/2022;238076
1;VAGO;208259;24/09/2024;263743
2;OBSTRUIDO;208811;26/02/2024;255376
3;OCUPADO;208948;23/11/2022;238603
3;OCUPADO;208952;08/07/2024;259280
2;OBSTRUIDO;208991;11/11/2025;275200
6;CERCADO;209345;10/07/2024;261019
3;OCUPADO;209391;19/01/2026;276825
3;OCUPADO;209393;21/10/2024;264358
3;OCUPADO;210359;05/04/2024;256752
3;OCUPADO;210589;29/05/2024;258411
6;CERCADO;211901;26/01/2023;240123
6;CERCADO;211981;25/11/2025;275607
1;VAGO;211991;25/06/2025;270498
6;CERCADO;212005;13/01/2020;217054
6;CERCADO;212020;24/12/2024;265836
1;VAGO;212059;08/08/2024;262325
6;CERCADO;212103;14/10/2024;264131
1;VAGO;212105;24/06/2024;258909
1;VAGO;212182;18/05/2023;243393
6;CERCADO;212285;19/11/2021;231178
1;VAGO;212452;10/11/2023;250728
6;CERCADO;212466;26/07/2021;228258
2;OBSTRUIDO;212468;14/10/2021;230555
2;OBSTRUIDO;212551;18/07/2023;244959
1;VAGO;212684;07/02/2025;266941
1;VAGO;212685;15/09/2023;247751
0;SITUACAO NAO CADASTRADA;212744;25/04/2025;269075
1;VAGO;212781;14/11/2023;250757
1;VAGO;212857;22/04/2024;257248
3;OCUPADO;212998;16/11/2022;238484
3;OCUPADO;213000;16/11/2022;238485
3;OCUPADO;213002;16/11/2022;238486
6;CERCADO;213040;08/07/2024;259258
1;VAGO;213075;22/05/2024;258237
3;OCUPADO;213082;24/04/2025;269068
3;OCUPADO;213084;18/09/2024;263619
6;CERCADO;213170;24/04/2023;242479
3;OCUPADO;213203;24/04/2023;242549
3;OCUPADO;213210;03/07/2025;270712
2;OBSTRUIDO;213212;11/03/2024;255913
3;OCUPADO;213355;13/10/2022;237784
3;OCUPADO;213356;17/05/2023;243271
3;OCUPADO;213357;17/06/2024;258761
3;OCUPADO;213358;27/06/2023;244337
3;OCUPADO;238050;22/09/2025;273431
3;OCUPADO;238066;24/09/2025;273483
3;OCUPADO;238107;29/07/2025;271510
3;OCUPADO;238126;30/04/2025;269211
1;VAGO;238536;29/07/2025;271548
1;VAGO;238967;02/07/2025;270623
1;VAGO;238976;26/07/2021;228262
1;VAGO;238977;26/07/2021;228261
3;OCUPADO;238978;29/05/2024;258398
1;VAGO;238987;14/08/2025;272057
3;OCUPADO;239135;16/07/2024;261162
1;VAGO;239146;27/01/2023;240132
1;VAGO;239163;04/10/2023;248381
1;VAGO;239719;28/05/2025;269965
1;VAGO;239720;28/05/2025;269970
3;OCUPADO;239725;19/04/2022;233980
1;VAGO;239741;19/02/2024;254946
1;VAGO;239751;03/09/2025;272621
5;EM CONSTRUCAO;239834;10/04/2024;256869
2;OBSTRUIDO;239837;23/09/2021;229879
2;OBSTRUIDO;239838;23/09/2021;229880
2;OBSTRUIDO;239841;25/02/2025;267493
2;OBSTRUIDO;239842;06/12/2023;252495
1;VAGO;239845;17/07/2023;244930
1;VAGO;239847;19/02/2024;254952
3;OCUPADO;239863;18/02/2026;277630
1;VAGO;239864;30/11/2022;238782
1;VAGO;239865;26/06/2025;270496
1;VAGO;240091;28/10/2023;249654
1;VAGO;240104;16/07/2021;228107
1;VAGO;240105;16/07/2021;228108
1;VAGO;240408;28/04/2021;226101
1;VAGO;240409;28/04/2021;226102
1;VAGO;240422;28/04/2021;226103
3;OCUPADO;240582;06/02/2026;277507
2;OBSTRUIDO;240626;19/11/2025;275521
1;VAGO;240686;15/07/2021;228149
1;VAGO;240700;20/12/2022;239407
3;OCUPADO;241820;09/01/2025;266017
4;CONSTRUIDO;241826;08/08/2025;271844
3;OCUPADO;241897;20/04/2020;218968
1;VAGO;241941;09/03/2021;224999
1;VAGO;241970;18/12/2024;265696
1;VAGO;242052;30/04/2021;226087
1;VAGO;242053;30/04/2021;226088
2;OBSTRUIDO;242064;01/12/2021;231340
3;OCUPADO;242069;12/01/2026;276579
1;VAGO;242107;13/01/2025;266158
1;VAGO;242109;26/09/2024;263809
1;VAGO;242113;22/05/2024;258241
1;VAGO;242130;16/07/2021;228123
1;VAGO;242131;16/07/2021;228125
1;VAGO;242132;16/07/2021;228126
1;VAGO;242133;10/12/2021;231551
1;VAGO;242149;03/01/2023;239620
1;VAGO;242150;03/01/2023;239621
1;VAGO;242182;14/10/2025;274310
2;OBSTRUIDO;242227;11/07/2024;261092
1;VAGO;242235;13/06/2023;243943
1;VAGO;242243;23/01/2026;276914
1;VAGO;242244;23/01/2026;276906
0;SITUACAO NAO CADASTRADA;242248;28/01/2025;266509
3;OCUPADO;242249;28/01/2025;266511
0;SITUACAO NAO CADASTRADA;242250;28/01/2025;266512
0;SITUACAO NAO CADASTRADA;242251;28/01/2025;266513
0;SITUACAO NAO CADASTRADA;242252;28/01/2025;266514
1;VAGO;242256;14/08/2025;271995
1;VAGO;242258;06/07/2023;245431
1;VAGO;242260;01/10/2020;221359
1;VAGO;242261;21/04/2023;242449
1;VAGO;242262;01/10/2020;221361
1;VAGO;242265;07/08/2023;246125
1;VAGO;242266;19/09/2023;247756
1;VAGO;242267;26/01/2026;277032
1;VAGO;242268;05/09/2025;272720
1;VAGO;242269;05/09/2025;272721
1;VAGO;242270;05/09/2025;272722
1;VAGO;242271;26/01/2026;277033
1;VAGO;242272;15/08/2023;246480
1;VAGO;242273;15/08/2023;246481
1;VAGO;242277;07/02/2025;266868
6;CERCADO;242279;18/12/2024;265699
1;VAGO;242280;10/12/2019;216125
1;VAGO;242294;27/09/2021;230105
1;VAGO;242325;03/04/2025;268539
1;VAGO;242327;19/09/2023;247761
1;VAGO;242335;18/12/2024;265698
2;OBSTRUIDO;242359;14/08/2025;271996
1;VAGO;242361;30/04/2021;226090
1;VAGO;242375;16/02/2024;254955
1;VAGO;242687;28/05/2025;269957
2;OBSTRUIDO;242691;27/06/2022;235273
1;VAGO;242692;13/03/2025;267878
1;VAGO;242693;27/06/2022;235271
1;VAGO;242715;14/10/2020;221558
1;VAGO;242732;18/12/2020;223074
1;VAGO;242733;16/07/2021;228012
1;VAGO;242735;30/05/2025;269895
1;VAGO;242736;16/12/2020;222985
1;VAGO;242737;16/12/2020;222986
1;VAGO;242738;16/07/2021;228015
1;VAGO;242745;16/12/2020;222988
1;VAGO;242746;18/12/2020;223064
1;VAGO;242757;19/02/2024;254863
1;VAGO;242759;08/12/2021;231499
1;VAGO;242760;16/07/2020;220140
1;VAGO;242763;28/06/2021;227241
1;VAGO;243317;07/01/2021;223575
1;VAGO;243318;01/10/2020;221405
1;VAGO;243321;07/10/2025;274030
1;VAGO;243325;20/10/2025;274409
1;VAGO;243333;26/10/2023;249622
1;VAGO;243334;01/09/2021;229304
1;VAGO;243335;01/09/2021;229307
1;VAGO;243336;01/09/2021;229308
1;VAGO;243337;01/09/2021;229303
1;VAGO;243343;25/02/2025;267450
1;VAGO;243362;18/12/2020;223062
1;VAGO;243886;14/08/2025;272043
1;VAGO;243894;27/06/2023;244336
1;VAGO;243916;12/04/2021;225771
1;VAGO;243917;12/04/2021;225773
1;VAGO;243918;27/06/2022;235246
1;VAGO;243919;12/04/2021;225775
1;VAGO;243920;12/04/2021;225777
1;VAGO;243927;01/09/2021;229301
1;VAGO;243928;11/03/2022;233192
2;OBSTRUIDO;243934;24/05/2023;243482
3;OCUPADO;244149;07/06/2023;243773
1;VAGO;244403;22/06/2023;244191
1;VAGO;244404;22/06/2023;244192
3;OCUPADO;244414;19/07/2023;245178
2;OBSTRUIDO;244424;24/04/2023;242470
2;OBSTRUIDO;244431;28/05/2025;269972
2;OBSTRUIDO;244432;08/05/2025;269360
1;VAGO;244433;09/02/2021;224305
2;OBSTRUIDO;244531;16/03/2021;225218
1;VAGO;244532;03/11/2020;222263
5;EM CONSTRUCAO;244533;03/11/2020;222264
2;OBSTRUIDO;244535;08/12/2021;231494
1;VAGO;244536;16/03/2020;218654
1;VAGO;244541;03/11/2020;222272
2;OBSTRUIDO;244542;23/01/2026;276943
1;VAGO;244543;17/08/2020;220635
1;VAGO;244544;23/01/2026;276944
1;VAGO;244545;22/05/2024;258207
1;VAGO;244546;08/11/2024;264831
1;VAGO;244547;22/05/2024;258209
1;VAGO;244548;13/12/2023;253020
1;VAGO;244666;23/01/2026;276945
1;VAGO;244780;16/04/2021;225863
1;VAGO;244782;22/05/2024;258202
1;VAGO;244786;20/08/2021;228862
1;VAGO;244788;29/07/2025;271494
1;VAGO;244789;14/08/2025;271994
1;VAGO;244791;17/03/2023;241420
2;OBSTRUIDO;244881;17/04/2020;218932
1;VAGO;244997;30/08/2023;247018
1;VAGO;245001;30/08/2023;247017
3;OCUPADO;245012;16/10/2020;221615
1;VAGO;245023;04/05/2022;234193
1;VAGO;245024;09/09/2022;236861
4;CONSTRUIDO;245077;20/05/2025;269594
1;VAGO;245124;14/08/2025;272000
1;VAGO;245134;19/11/2025;275598
1;VAGO;245135;14/05/2021;226344
1;VAGO;245136;14/05/2021;226345
1;VAGO;245137;09/09/2022;236870
1;VAGO;245138;09/09/2022;236871
1;VAGO;245139;09/09/2022;236869
1;VAGO;245140;14/05/2021;226349
5;EM CONSTRUCAO;245141;17/09/2025;273238
1;VAGO;245151;12/03/2025;267861
1;VAGO;245155;11/06/2024;258597
1;VAGO;245156;11/06/2024;258598
1;VAGO;245164;20/08/2024;262628
1;VAGO;245165;20/08/2024;262765
3;OCUPADO;245283;04/09/2023;247384
3;OCUPADO;245351;21/10/2022;237979
3;OCUPADO;245385;18/02/2025;267235
3;OCUPADO;246019;26/08/2021;229125
3;OCUPADO;246020;26/08/2021;229157
3;OCUPADO;246021;26/08/2021;229158
3;OCUPADO;246022;26/08/2021;242975
1;VAGO;246052;24/12/2021;231831
3;OCUPADO;246139;11/11/2022;238435
3;OCUPADO;246149;27/09/2023;248105
3;OCUPADO;246150;15/07/2025;270994
3;OCUPADO;246201;06/05/2025;269312
3;OCUPADO;246445;15/07/2025;270998
2;OBSTRUIDO;246641;17/06/2020;219597
1;VAGO;246649;09/09/2022;236852
3;OCUPADO;246656;11/12/2023;252825
3;OCUPADO;246707;24/01/2023;240072
2;OBSTRUIDO;246715;23/10/2025;274545
3;OCUPADO;246767;24/05/2024;258260
1;VAGO;246827;22/09/2021;229853
2;OBSTRUIDO;246872;14/07/2020;220118
1;VAGO;246919;08/12/2021;231483
3;OCUPADO;246949;04/09/2024;263187
1;VAGO;246970;24/12/2021;231833
3;OCUPADO;246971;30/09/2025;273743
3;OCUPADO;247016;11/08/2022;236226
1;VAGO;247025;04/12/2020;222721
1;VAGO;247042;21/01/2025;266355
3;OCUPADO;422877;22/08/2024;262685
2;OBSTRUIDO;446634;23/05/2023;243463
3;OCUPADO;447116;04/01/2021;223411
3;OCUPADO;447120;10/06/2025;270195
3;OCUPADO;447123;27/01/2025;266470
3;OCUPADO;447128;01/10/2020;221388
3;OCUPADO;447177;06/08/2021;228539
3;OCUPADO;447203;04/04/2023;241958
1;VAGO;447328;04/09/2024;263188
3;OCUPADO;448817;13/08/2020;220607
1;VAGO;451327;02/09/2024;263111
1;VAGO;451330;25/07/2023;245400
1;VAGO;451331;25/07/2023;245401
1;VAGO;451338;25/07/2023;245403
3;OCUPADO;452400;10/03/2021;224881
1;VAGO;452405;14/11/2023;250722
2;OBSTRUIDO;452406;25/07/2023;245413
1;VAGO;452407;14/11/2023;250729
3;OCUPADO;454769;11/02/2025;267034
3;OCUPADO;455037;09/01/2025;266055
4;CONSTRUIDO;455057;30/05/2025;269885
3;OCUPADO;455078;08/10/2021;230526
2;OBSTRUIDO;455297;29/01/2024;254215
1;VAGO;455309;18/01/2025;266277
1;VAGO;455312;04/12/2020;222833
1;VAGO;455313;04/12/2020;222834
1;VAGO;455619;27/06/2025;270537
1;VAGO;455625;08/10/2021;230510
2;OBSTRUIDO;455633;03/11/2020;222178
2;OBSTRUIDO;455634;16/03/2023;241276
2;OBSTRUIDO;455635;25/04/2025;269151
1;VAGO;455637;10/02/2025;266912
1;VAGO;455961;04/04/2025;268576
1;VAGO;455965;26/02/2025;267524
1;VAGO;455966;26/02/2025;267525
1;VAGO;455967;20/12/2022;239449
1;VAGO;455968;20/12/2022;239450
1;VAGO;455969;20/12/2022;239430
2;OBSTRUIDO;455975;29/10/2020;222030
1;VAGO;455976;29/10/2020;222031
1;VAGO;456291;17/08/2020;220623
1;VAGO;456292;09/12/2020;222876
1;VAGO;456293;09/12/2020;222877
1;VAGO;456294;09/12/2020;222878
1;VAGO;456295;09/12/2020;222879
1;VAGO;456296;09/12/2020;222880
1;VAGO;456297;09/12/2020;222881
1;VAGO;456298;09/12/2020;222882
1;VAGO;456299;09/12/2020;222884
1;VAGO;456608;19/11/2025;275530
1;VAGO;456609;19/11/2025;275529
1;VAGO;456921;26/02/2025;267523
1;VAGO;456927;18/01/2025;266278
1;VAGO;456928;07/11/2023;250044
1;VAGO;456929;02/03/2026;277916
1;VAGO;456939;07/03/2025;267755
1;VAGO;456940;07/03/2025;267756
1;VAGO;457160;10/05/2021;226203
1;VAGO;457161;13/01/2022;232101
1;VAGO;457162;13/01/2022;232102
1;VAGO;457171;07/01/2025;266035
1;VAGO;457172;13/08/2020;220592
5;EM CONSTRUCAO;457205;15/10/2024;264189
1;VAGO;457206;04/10/2024;264019
2;OBSTRUIDO;457207;28/11/2024;265247
3;OCUPADO;457208;28/11/2024;265248
3;OCUPADO;457209;28/11/2024;265252
1;VAGO;457218;03/11/2020;222162
1;VAGO;457219;29/04/2020;219048
1;VAGO;457220;29/04/2020;219049
1;VAGO;457221;03/11/2020;222163
1;VAGO;457222;24/07/2020;220271
1;VAGO;457477;14/08/2023;246380
3;OCUPADO;457478;10/02/2025;266897
1;VAGO;457479;20/10/2021;230705
1;VAGO;457480;11/03/2022;233159
1;VAGO;457481;03/12/2020;222678
1;VAGO;457482;03/12/2020;222680
1;VAGO;457484;11/03/2022;233145
1;VAGO;457485;21/07/2022;235627
1;VAGO;457488;26/06/2025;270485
1;VAGO;457881;26/02/2025;267519
1;VAGO;457882;19/02/2024;254872
1;VAGO;457883;12/08/2021;228718
1;VAGO;457888;03/09/2025;272618
2;OBSTRUIDO;457900;23/01/2026;276950
1;VAGO;458294;17/08/2020;220624
1;VAGO;458295;28/01/2020;217616
1;VAGO;458296;06/10/2020;221438
1;VAGO;458297;22/12/2020;223169
3;OCUPADO;458298;19/12/2023;253167
1;VAGO;458303;12/12/2019;216300
1;VAGO;458304;11/09/2023;247453
1;VAGO;458305;03/11/2021;230917
3;OCUPADO;458306;21/01/2022;232226
3;OCUPADO;458307;21/01/2022;232227
3;OCUPADO;458309;27/05/2025;269944
1;VAGO;458310;18/01/2021;223730
1;VAGO;458311;22/08/2025;272344
1;VAGO;458314;29/10/2025;274721
1;VAGO;458317;08/06/2021;226757
1;VAGO;458318;30/11/2022;238793
1;VAGO;458319;30/11/2022;238794
1;VAGO;458320;28/06/2022;235237
1;VAGO;458321;28/06/2022;235239
1;VAGO;458322;28/06/2022;235242
1;VAGO;458323;28/06/2022;235243
1;VAGO;458324;28/06/2022;235244
1;VAGO;458325;28/11/2024;265233
1;VAGO;458326;10/12/2021;231544
1;VAGO;458335;08/06/2021;226763
1;VAGO;458532;30/08/2022;236644
1;VAGO;458538;27/07/2022;235782
1;VAGO;458539;20/12/2022;239431
1;VAGO;458540;01/02/2024;254569
1;VAGO;458541;01/02/2024;254570
1;VAGO;458542;05/06/2023;243934
1;VAGO;458543;01/02/2024;254571
1;VAGO;458544;20/12/2022;239432
1;VAGO;458549;19/09/2025;273324
4;CONSTRUIDO;458550;12/11/2025;275302
1;VAGO;458551;19/09/2025;273322
1;VAGO;458552;03/09/2025;272619
1;VAGO;458553;16/07/2021;228059
1;VAGO;458554;14/08/2025;272047
1;VAGO;458555;26/01/2023;240116
1;VAGO;458556;29/04/2020;219051
1;VAGO;458557;16/07/2021;228061
1;VAGO;458793;12/08/2021;228715
1;VAGO;458798;28/11/2024;265241
1;VAGO;458812;28/10/2023;249655
1;VAGO;459206;30/06/2025;270588
2;OBSTRUIDO;459609;24/09/2024;263715
1;VAGO;459612;07/01/2025;266042
1;VAGO;460266;11/03/2024;255885
1;VAGO;460275;20/10/2021;230710
1;VAGO;460278;20/10/2021;230711
6;CERCADO;460279;20/10/2021;230712
1;VAGO;460282;20/10/2021;230713
2;OBSTRUIDO;460283;09/10/2025;274146
2;OBSTRUIDO;460284;03/09/2025;272511
1;VAGO;460285;15/07/2021;228094
1;VAGO;460296;06/01/2022;232047
1;VAGO;460299;06/01/2022;232049
1;VAGO;460300;15/10/2025;274376
1;VAGO;460303;06/01/2022;232053
1;VAGO;460827;01/09/2023;247214
1;VAGO;460828;01/09/2023;247215
1;VAGO;460830;13/03/2025;267880
1;VAGO;460831;25/09/2025;273590
1;VAGO;460834;07/10/2025;274051
1;VAGO;460837;26/08/2024;262832
1;VAGO;460838;15/10/2025;274363
1;VAGO;460862;06/06/2023;243937
1;VAGO;460883;29/08/2023;247074
1;VAGO;461572;07/03/2025;267718
1;VAGO;461574;07/03/2025;267719
1;VAGO;461575;07/03/2025;267720
1;VAGO;461580;22/08/2025;272350
1;VAGO;461581;25/08/2025;272380
1;VAGO;461587;29/01/2024;254204
1;VAGO;461589;16/05/2023;243193
1;VAGO;461600;02/12/2024;265283
1;VAGO;462028;22/09/2022;237120
3;OCUPADO;462032;13/06/2022;235048
3;OCUPADO;462034;11/10/2022;237752
1;VAGO;462067;11/03/2021;224913
1;VAGO;462068;11/03/2021;224914
1;VAGO;462069;14/10/2020;221559
1;VAGO;462070;11/03/2021;224915
1;VAGO;462071;11/03/2021;224916
1;VAGO;462086;13/02/2023;240566
2;OBSTRUIDO;462090;13/02/2023;240565
1;VAGO;462103;17/12/2025;276155
1;VAGO;462348;29/10/2025;274745
1;VAGO;462352;11/08/2021;228695
1;VAGO;462354;11/08/2021;228696
3;OCUPADO;462373;06/03/2026;278107
1;VAGO;462385;29/10/2025;274753
1;VAGO;462393;29/10/2025;274759
1;VAGO;462394;29/10/2025;274760
1;VAGO;462763;06/07/2020;219939
1;VAGO;462770;06/07/2020;219940
1;VAGO;462771;07/06/2024;258584
1;VAGO;462772;15/07/2021;228106
1;VAGO;462784;19/03/2021;225476
1;VAGO;462789;28/10/2025;274719
1;VAGO;463265;18/06/2025;270369
1;VAGO;463826;06/05/2025;269332
1;VAGO;463829;06/05/2025;269329
1;VAGO;463830;18/01/2025;266282
1;VAGO;463835;17/06/2021;227008
1;VAGO;463839;17/06/2021;227012
2;OBSTRUIDO;463843;08/06/2021;226766
1;VAGO;463845;20/10/2025;274413
1;VAGO;463852;30/11/2022;238800
1;VAGO;463857;27/06/2022;235260
1;VAGO;463858;27/06/2022;235262
1;VAGO;464346;10/12/2025;276037
1;VAGO;464348;04/01/2022;231942
1;VAGO;464366;10/12/2025;276033
1;VAGO;464367;08/01/2026;276512
1;VAGO;464371;16/07/2021;228020
1;VAGO;464377;06/06/2022;234847
1;VAGO;464378;06/06/2022;234848
1;VAGO;464379;06/06/2022;234849
1;VAGO;464380;06/06/2022;234850
1;VAGO;464381;06/06/2022;234851
1;VAGO;464424;03/11/2025;274902
1;VAGO;464668;05/07/2024;259221
1;VAGO;464669;05/07/2024;259222
1;VAGO;464670;05/07/2024;259223
1;VAGO;464671;05/07/2024;259224
1;VAGO;464672;05/07/2024;259225
1;VAGO;464678;01/11/2022;238219
1;VAGO;464683;23/01/2026;276951
1;VAGO;464685;20/10/2025;274411
1;VAGO;464690;23/02/2024;255134
1;VAGO;464692;29/04/2024;257453
1;VAGO;464693;13/10/2022;237819
1;VAGO;464694;07/06/2024;258586
1;VAGO;464696;07/06/2024;258588
1;VAGO;464710;08/07/2024;259738
3;OCUPADO;465301;08/03/2021;224815
1;VAGO;465305;19/01/2021;223773
1;VAGO;465306;19/01/2021;223774
1;VAGO;465326;13/12/2023;252986
5;EM CONSTRUCAO;465876;17/05/2023;243229
1;VAGO;465879;29/08/2023;247101
5;EM CONSTRUCAO;465880;07/02/2023;240356
1;VAGO;465881;19/01/2021;223776
1;VAGO;465882;19/01/2021;223777
1;VAGO;465883;19/01/2021;223778
1;VAGO;465885;24/09/2024;263729
1;VAGO;465886;14/08/2025;272038
1;VAGO;465887;28/01/2020;217620
1;VAGO;465888;28/01/2020;217621
1;VAGO;465889;10/05/2021;226196
1;VAGO;465890;10/05/2021;226197
1;VAGO;465891;10/05/2021;226198
1;VAGO;465892;19/04/2023;242401
1;VAGO;465895;09/08/2021;228550
1;VAGO;465896;09/08/2021;228552
1;VAGO;465918;13/02/2023;240505
1;VAGO;465940;02/07/2025;270627
1;VAGO;466644;21/07/2023;245333
1;VAGO;466645;27/02/2025;267563
1;VAGO;466646;26/02/2025;267521
1;VAGO;466647;27/02/2025;267564
1;VAGO;466677;16/03/2021;225228
1;VAGO;466678;16/03/2021;225229
1;VAGO;466679;16/03/2021;225230
1;VAGO;466686;13/02/2023;240501
1;VAGO;466687;13/02/2023;240502
1;VAGO;466688;13/02/2023;240503
1;VAGO;466689;13/02/2023;240504
6;CERCADO;466702;11/01/2024;253590
2;OBSTRUIDO;466706;10/08/2022;236201
1;VAGO;466710;10/08/2022;236202
1;VAGO;467292;29/01/2024;254202
1;VAGO;467293;16/07/2020;220143
1;VAGO;467294;29/01/2024;254203
1;VAGO;467297;01/11/2022;238291
1;VAGO;467302;25/02/2025;267483
3;OCUPADO;467303;25/02/2025;267481
1;VAGO;467498;18/04/2023;242486
1;VAGO;467500;18/04/2023;242485
2;OBSTRUIDO;467506;16/05/2023;243182
2;OBSTRUIDO;467508;16/05/2023;243183
1;VAGO;467509;16/05/2023;243184
1;VAGO;467510;16/05/2023;243186
2;OBSTRUIDO;468247;08/06/2021;226772
1;VAGO;468771;19/01/2021;223799
1;VAGO;468772;24/04/2023;242468
1;VAGO;468776;27/06/2022;235275
1;VAGO;468777;27/06/2022;235276
1;VAGO;468785;07/01/2021;223570
1;VAGO;468786;07/01/2021;223571
1;VAGO;468787;07/01/2021;223573
1;VAGO;468789;03/11/2020;222164
1;VAGO;468790;03/11/2020;222165
1;VAGO;468791;03/11/2020;222167
1;VAGO;468792;18/09/2020;221161
1;VAGO;468793;23/03/2020;218694
1;VAGO;468873;25/09/2019;214662
3;OCUPADO;470834;27/04/2023;242712
1;VAGO;471987;03/09/2021;229379
1;VAGO;471988;03/09/2021;229380
1;VAGO;471990;03/09/2021;229381
3;OCUPADO;472341;19/09/2025;273318
3;OCUPADO;472368;06/03/2025;267660
3;OCUPADO;472404;20/12/2023;253182
2;OBSTRUIDO;472417;29/07/2025;271655
4;CONSTRUIDO;472454;26/02/2025;267484
3;OCUPADO;472455;22/01/2020;217336
4;CONSTRUIDO;472460;23/01/2024;253978
2;OBSTRUIDO;472473;02/02/2021;224151
3;OCUPADO;472561;31/08/2021;229354
3;OCUPADO;472583;20/01/2022;232177
1;VAGO;472704;17/06/2020;219588
1;VAGO;472708;17/01/2022;232145
1;VAGO;472714;07/06/2023;243862
6;CERCADO;472763;28/05/2021;226657
3;OCUPADO;472764;07/01/2021;223629
3;OCUPADO;472765;02/01/2023;239560
3;OCUPADO;472781;24/04/2025;269018
3;OCUPADO;472886;03/11/2025;274950
3;OCUPADO;472894;04/12/2020;222759
3;OCUPADO;472895;03/11/2025;274948
3;OCUPADO;472915;18/07/2022;235551
3;OCUPADO;472916;17/09/2024;263574
3;OCUPADO;472927;03/11/2025;274951
2;OBSTRUIDO;472947;24/05/2022;234693
1;VAGO;472980;27/09/2021;230104
1;VAGO;472984;14/05/2021;226352
4;CONSTRUIDO;473060;23/01/2024;254033
3;OCUPADO;474353;28/08/2024;262920
3;OCUPADO;474405;03/01/2024;253368
2;OBSTRUIDO;474693;10/02/2022;232691
3;OCUPADO;474749;15/02/2023;240655
3;OCUPADO;474788;27/04/2022;234101
3;OCUPADO;475110;29/08/2024;262865
3;OCUPADO;475194;28/07/2021;228357
4;CONSTRUIDO;479013;15/04/2025;268894
1;VAGO;479717;04/05/2022;234261
1;VAGO;479718;14/10/2020;221574
3;OCUPADO;479724;11/02/2021;224430
1;VAGO;479730;23/08/2024;262745
4;CONSTRUIDO;479768;26/09/2024;263811
1;VAGO;479769;08/12/2023;252846
1;VAGO;479770;15/07/2020;220096
1;VAGO;479774;31/03/2025;268436
1;VAGO;479776;08/04/2022;233700
1;VAGO;479793;27/08/2025;272452
6;CERCADO;481477;13/01/2020;217051
3;OCUPADO;481482;08/11/2022;238343
3;OCUPADO;481487;07/02/2022;232550
1;VAGO;481718;10/01/2020;216974
3;OCUPADO;481849;20/02/2024;255002
1;VAGO;482048;23/07/2020;220243
1;VAGO;490704;01/11/2022;238239
1;VAGO;490706;01/11/2022;238240
3;OCUPADO;490850;26/11/2020;222575
3;OCUPADO;490891;27/03/2023;241722
3;OCUPADO;490905;29/08/2023;247109
2;OBSTRUIDO;492464;10/01/2022;232032
3;OCUPADO;492991;16/12/2019;216359
3;OCUPADO;493093;16/04/2024;257068
3;OCUPADO;493149;01/07/2021;227371
3;OCUPADO;493240;10/09/2025;272881
3;OCUPADO;493250;29/09/2020;221310
3;OCUPADO;493266;10/09/2025;272885
1;VAGO;493319;14/06/2023;243959
3;OCUPADO;493346;20/12/2023;253177
1;VAGO;493374;24/01/2023;240030
3;OCUPADO;493394;21/06/2023;244170
3;OCUPADO;493395;14/02/2025;267205
3;OCUPADO;493408;22/05/2025;269820
3;OCUPADO;493413;15/09/2025;273196
1;VAGO;493418;06/05/2020;219131
2;OBSTRUIDO;493429;25/03/2020;218710
3;OCUPADO;493461;05/08/2022;236209
1;VAGO;493497;29/08/2023;247103
3;OCUPADO;493542;07/11/2023;250013
3;OCUPADO;504208;10/07/2023;244720
6;CERCADO;505284;08/12/2020;222850
3;OCUPADO;505335;04/02/2020;217730
1;VAGO;507098;22/01/2020;217859
6;CERCADO;507224;16/01/2026;276688
2;OBSTRUIDO;507231;29/06/2020;219798
1;VAGO;507272;04/11/2020;222219
1;VAGO;507281;28/09/2021;230149
1;VAGO;507294;01/11/2023;249881
1;VAGO;507297;11/03/2022;233105
1;VAGO;507300;03/06/2022;234818
1;VAGO;507337;11/12/2023;252916
1;VAGO;507338;11/12/2023;252920
2;OBSTRUIDO;507345;05/07/2024;259662
1;VAGO;507355;12/09/2025;273114
1;VAGO;507477;21/08/2025;272300
1;VAGO;507509;02/04/2025;268472
1;VAGO;507520;26/03/2025;268299
3;OCUPADO;507581;16/01/2026;276689
3;OCUPADO;507582;16/01/2026;276691
2;OBSTRUIDO;508100;05/07/2023;244553
1;VAGO;508133;06/01/2022;232059
1;VAGO;508147;01/12/2021;231418
1;VAGO;508188;18/01/2021;223729
2;OBSTRUIDO;508247;27/06/2025;270536
2;OBSTRUIDO;508260;07/01/2026;276501
1;VAGO;508264;19/06/2024;258832
1;VAGO;508266;19/06/2024;258833
1;VAGO;508318;11/05/2021;226211
3;OCUPADO;508326;16/08/2023;246498
1;VAGO;508347;27/08/2021;229140
1;VAGO;508371;08/01/2025;266044
1;VAGO;508372;30/07/2025;271594
1;VAGO;508374;30/07/2025;271596
1;VAGO;508378;09/10/2025;274138
1;VAGO;508379;08/11/2024;264726
1;VAGO;508380;05/12/2023;252441
1;VAGO;508388;19/06/2024;258824
1;VAGO;508389;19/06/2024;258825
1;VAGO;508390;19/06/2024;258826
1;VAGO;508391;19/06/2024;258828
1;VAGO;508395;19/06/2024;258829
1;VAGO;508396;19/06/2024;258830
1;VAGO;508397;19/06/2024;258831
1;VAGO;508398;19/04/2024;257213
1;VAGO;508421;03/09/2021;229372
1;VAGO;508426;03/09/2021;229373
1;VAGO;508427;03/09/2021;229374
3;OCUPADO;508428;08/01/2025;266037
1;VAGO;508429;08/01/2025;266034
1;VAGO;508430;08/01/2025;266032
1;VAGO;508431;08/01/2025;266030
1;VAGO;508432;18/01/2025;266284
1;VAGO;508433;23/01/2026;276948
1;VAGO;508434;21/08/2024;262660
1;VAGO;508435;21/08/2024;262661
1;VAGO;508438;07/06/2024;258601
1;VAGO;508440;03/06/2022;234831
1;VAGO;508441;03/06/2022;234832
1;VAGO;508452;03/04/2025;268556
3;OCUPADO;508590;05/11/2021;230949
4;CONSTRUIDO;508630;19/07/2024;261344
2;OBSTRUIDO;508684;22/06/2020;219679
2;OBSTRUIDO;509776;27/09/2024;263824
1;VAGO;509864;21/10/2022;237962
3;OCUPADO;509934;23/11/2020;222516
0;SITUACAO NAO CADASTRADA;509947;05/08/2021;228511
3;OCUPADO;510067;02/08/2021;228417
3;OCUPADO;510089;19/07/2021;228102
3;OCUPADO;510146;19/02/2021;224466
3;OCUPADO;510178;16/08/2023;246521
2;OBSTRUIDO;510193;04/09/2024;263274
3;OCUPADO;510206;17/01/2024;253772
3;OCUPADO;510211;27/09/2021;230131
3;OCUPADO;510234;02/02/2021;224173
1;VAGO;510235;04/05/2020;219103
3;OCUPADO;510289;05/07/2021;227436
2;OBSTRUIDO;510294;05/08/2021;228516
6;CERCADO;510321;25/10/2021;230827
3;OCUPADO;510331;22/09/2025;273366
1;VAGO;510600;30/09/2020;221331
6;CERCADO;510724;20/04/2023;242406
6;CERCADO;510745;20/12/2022;239406
1;VAGO;510746;13/06/2023;243974
2;OBSTRUIDO;510763;27/10/2020;221869
1;VAGO;510890;11/01/2022;232062
4;CONSTRUIDO;510919;16/05/2023;243310
1;VAGO;511354;06/11/2020;222231
3;OCUPADO;515150;14/10/2021;230563
2;OBSTRUIDO;515151;19/09/2023;247768
2;OBSTRUIDO;515169;04/11/2020;222148
3;OCUPADO;524647;12/07/2021;227679
3;OCUPADO;524694;15/03/2021;225019
3;OCUPADO;524728;15/01/2020;217168
3;OCUPADO;524732;12/02/2020;217963
1;VAGO;524742;12/02/2020;217964
2;OBSTRUIDO;524746;28/05/2020;219354
3;OCUPADO;524764;19/06/2020;219644
4;CONSTRUIDO;524776;19/01/2023;239905
1;VAGO;524779;15/01/2020;217174
3;OCUPADO;524798;25/11/2020;222518
3;OCUPADO;524805;20/01/2022;232273
3;OCUPADO;524836;22/06/2023;244199
6;CERCADO;524885;28/08/2023;246944
3;OCUPADO;524921;24/08/2021;228925
3;OCUPADO;524922;24/08/2021;228927
3;OCUPADO;524927;14/08/2023;246329
3;OCUPADO;524979;24/04/2025;269071
3;OCUPADO;524997;20/05/2024;258155
3;OCUPADO;525015;10/08/2023;246259
1;VAGO;525019;16/03/2020;218663
1;VAGO;525020;14/10/2020;221560
2;OBSTRUIDO;525025;05/06/2023;243705
1;VAGO;525034;09/11/2023;250093
2;OBSTRUIDO;525051;24/10/2024;264424
6;CERCADO;525052;11/03/2022;233138
3;OCUPADO;525057;22/08/2023;246670
3;OCUPADO;525070;13/05/2022;234444
6;CERCADO;525077;23/04/2021;225929
1;VAGO;525089;01/04/2022;233557
1;VAGO;525090;01/04/2022;233558
2;OBSTRUIDO;525096;27/10/2023;249664
3;OCUPADO;526161;14/05/2021;226257
3;OCUPADO;527473;09/06/2021;226881
1;VAGO;529016;16/09/2022;237033
1;VAGO;529020;20/09/2021;229823
1;VAGO;529032;11/05/2020;219166
1;VAGO;529033;21/08/2025;272331
1;VAGO;529041;20/09/2021;229820
3;OCUPADO;529042;03/11/2025;274949
1;VAGO;529044;17/01/2025;266304
2;OBSTRUIDO;529046;10/03/2022;233099
3;OCUPADO;529048;14/06/2023;243990
3;OCUPADO;529051;25/04/2025;269078
2;OBSTRUIDO;529057;18/12/2020;223057
3;OCUPADO;529061;13/04/2021;225797
1;VAGO;529062;04/08/2025;271725
1;VAGO;529066;09/08/2022;236165
3;OCUPADO;529069;13/02/2026;277609
1;VAGO;531073;01/09/2021;229268
1;VAGO;531074;01/09/2021;229269
1;VAGO;531167;23/02/2024;255155
1;VAGO;531197;30/10/2023;249676
3;OCUPADO;531199;23/10/2025;274707
3;OCUPADO;531200;02/02/2026;277223
3;OCUPADO;531201;23/10/2025;274704
3;OCUPADO;533027;01/08/2025;271699
1;VAGO;533040;12/05/2021;226383
1;VAGO;533042;13/12/2021;231610
4;CONSTRUIDO;533065;12/05/2021;226248
4;CONSTRUIDO;533066;12/05/2021;226249
2;OBSTRUIDO;533071;15/09/2022;236951
3;OCUPADO;534012;12/05/2021;226262
1;VAGO;534016;21/10/2022;237978
1;VAGO;534017;07/04/2022;233629
3;OCUPADO;535560;20/05/2024;258154
1;VAGO;558868;09/01/2020;216984
1;VAGO;558869;23/04/2021;225965
1;VAGO;558888;23/04/2021;225963
1;VAGO;558890;13/03/2025;267891
1;VAGO;558903;25/11/2024;265097
1;VAGO;558983;16/06/2020;219537
6;CERCADO;558996;16/07/2024;261161
1;VAGO;559129;16/03/2020;218642
1;VAGO;559135;02/01/2023;239589
3;OCUPADO;559137;13/08/2025;271981
1;VAGO;559140;02/01/2023;239590
1;VAGO;559141;07/07/2023;244744
1;VAGO;559144;07/07/2023;244745
6;CERCADO;559145;19/06/2023;244101
1;VAGO;559149;15/07/2020;220087
1;VAGO;559154;12/08/2020;220572
1;VAGO;559155;11/12/2020;222928
1;VAGO;559157;06/01/2021;223612
1;VAGO;559158;11/12/2020;222929
1;VAGO;559159;09/06/2021;226864
1;VAGO;559160;06/01/2021;223614
1;VAGO;559161;06/01/2021;223615
1;VAGO;559163;11/12/2020;222930
1;VAGO;559164;30/09/2020;221430
1;VAGO;559165;06/01/2021;223616
1;VAGO;559166;06/01/2021;223617
1;VAGO;559167;15/07/2020;220088
1;VAGO;559170;01/12/2021;231379
1;VAGO;559171;20/04/2021;225893
1;VAGO;559179;11/12/2020;222932
1;VAGO;559181;20/04/2021;225894
1;VAGO;559192;20/04/2021;225895
1;VAGO;559193;11/12/2020;222926
1;VAGO;559195;29/04/2020;219033
1;VAGO;559203;11/02/2020;217921
1;VAGO;559210;21/07/2020;220196
2;OBSTRUIDO;559211;24/11/2025;275741
1;VAGO;559229;21/12/2020;223150
1;VAGO;559230;06/01/2021;223618
1;VAGO;559236;27/05/2020;219325
5;EM CONSTRUCAO;559243;06/01/2021;223619
1;VAGO;559247;25/06/2025;270462
1;VAGO;559248;06/01/2021;223620
1;VAGO;559251;03/09/2021;229417
1;VAGO;559252;11/12/2020;222931
1;VAGO;559255;30/09/2020;221432
1;VAGO;559257;17/08/2020;220641
1;VAGO;559258;15/07/2020;220089
1;VAGO;559259;16/06/2020;219536
3;OCUPADO;559260;04/12/2024;265401
1;VAGO;559263;21/01/2022;232228
1;VAGO;559264;15/07/2020;220091
1;VAGO;559265;21/07/2020;220197
1;VAGO;559267;15/07/2020;220086
3;OCUPADO;559270;19/02/2026;277660
1;VAGO;559273;06/01/2021;223621
1;VAGO;559275;30/09/2020;221431
1;VAGO;559276;20/04/2021;225896
1;VAGO;559278;23/04/2021;225962
1;VAGO;559287;19/09/2025;273371
1;VAGO;559291;07/01/2020;216824
1;VAGO;559295;18/07/2023;245076
1;VAGO;559302;19/03/2021;225509
1;VAGO;559305;21/07/2020;220198
1;VAGO;559310;11/03/2022;233127
1;VAGO;559319;18/07/2023;245077
1;VAGO;559325;11/02/2020;217918
1;VAGO;559328;10/02/2023;240485
1;VAGO;559340;11/02/2020;217919
1;VAGO;559341;21/10/2022;237977
1;VAGO;559361;13/12/2021;231615
1;VAGO;559366;14/08/2025;272071
1;VAGO;559393;16/03/2020;218643
6;CERCADO;559412;02/01/2025;265955
6;CERCADO;559413;09/01/2023;239718
1;VAGO;559437;20/12/2022;239408
1;VAGO;559445;19/04/2024;257182
1;VAGO;559455;24/09/2024;263820
1;VAGO;559466;11/03/2022;233128
1;VAGO;559479;11/12/2020;222927
1;VAGO;559480;11/03/2022;233129
4;CONSTRUIDO;559486;30/05/2025;269900
1;VAGO;559520;30/11/2022;238808
1;VAGO;559530;18/07/2023;245074
2;OBSTRUIDO;559543;11/12/2023;252881
1;VAGO;559545;14/05/2020;219184
1;VAGO;559549;11/06/2021;226923
1;VAGO;559550;22/01/2026;276839
2;OBSTRUIDO;559566;15/09/2022;236960
1;VAGO;559591;09/01/2023;239717
1;VAGO;559592;10/06/2024;258548
1;VAGO;559594;11/12/2023;252879
1;VAGO;559595;29/04/2020;219032
1;VAGO;559601;24/09/2024;263822
2;OBSTRUIDO;559608;11/12/2023;252863
1;VAGO;559616;12/08/2020;220571
1;VAGO;559718;28/11/2024;265335
4;CONSTRUIDO;559731;10/09/2024;263367
1;VAGO;559734;24/05/2022;234660
2;OBSTRUIDO;562926;18/08/2020;220664
1;VAGO;564826;03/09/2021;229382
1;VAGO;564846;29/08/2022;236608
1;VAGO;564851;27/06/2023;244323
1;VAGO;564852;27/06/2023;244324
1;VAGO;564853;27/06/2023;244325
1;VAGO;564854;27/06/2023;244326
1;VAGO;564855;27/06/2023;244327
1;VAGO;564856;27/06/2023;244328
1;VAGO;564857;27/06/2023;244329
1;VAGO;564859;21/07/2022;235625
1;VAGO;564860;11/03/2021;224911
1;VAGO;564861;11/03/2021;224912
1;VAGO;564870;27/06/2023;244312
1;VAGO;564871;27/06/2023;244313
1;VAGO;564872;27/06/2023;244315
1;VAGO;564873;27/06/2023;244316
1;VAGO;564874;27/06/2023;244317
1;VAGO;564875;27/06/2023;244318
1;VAGO;564876;27/06/2023;244319
1;VAGO;564877;27/06/2023;244320
1;VAGO;564878;27/06/2023;244321
1;VAGO;564879;27/06/2023;244322
1;VAGO;564880;21/07/2023;245323
1;VAGO;564881;21/07/2023;245324
1;VAGO;564882;21/07/2023;245325
1;VAGO;564883;21/07/2023;245326
1;VAGO;564884;21/07/2023;245327
1;VAGO;564885;21/07/2023;245328
1;VAGO;564891;27/06/2023;244330
1;VAGO;564892;27/06/2023;244331
1;VAGO;564893;27/06/2023;244332
1;VAGO;564894;27/06/2023;244333
1;VAGO;564895;27/06/2023;244334
1;VAGO;564896;24/08/2021;228956
1;VAGO;564897;24/08/2021;228929
1;VAGO;564898;24/08/2021;228930
1;VAGO;564899;24/08/2021;228931
1;VAGO;564900;24/08/2021;228932
1;VAGO;564901;24/08/2021;228933
1;VAGO;564902;24/08/2021;228934
1;VAGO;564903;24/08/2021;228935
1;VAGO;564904;24/08/2021;228936
1;VAGO;564905;24/08/2021;228937
1;VAGO;564906;24/08/2021;228938
1;VAGO;564907;24/08/2021;228939
1;VAGO;564908;24/08/2021;228940
1;VAGO;564909;24/08/2021;228941
1;VAGO;564910;24/08/2021;228942
1;VAGO;564911;24/08/2021;228943
1;VAGO;564912;24/08/2021;228944
1;VAGO;564913;24/08/2021;228945
1;VAGO;564914;24/08/2021;228946
1;VAGO;564915;24/08/2021;228947
1;VAGO;564916;24/08/2021;228948
1;VAGO;564917;24/08/2021;228949
1;VAGO;564922;11/10/2022;237741
1;VAGO;564923;11/10/2022;237742
1;VAGO;564924;11/10/2022;237745
1;VAGO;564925;11/10/2022;237746
1;VAGO;564926;11/10/2022;237757
2;OBSTRUIDO;564939;02/06/2021;226705
1;VAGO;564950;04/12/2024;265394
2;OBSTRUIDO;564951;25/07/2022;235697
1;VAGO;564952;21/12/2024;265802
1;VAGO;564954;11/03/2024;255888
1;VAGO;564955;21/12/2024;265804
1;VAGO;564962;25/06/2025;270447
1;VAGO;564963;30/07/2025;271597
1;VAGO;564964;30/07/2025;271600
5;EM CONSTRUCAO;564969;25/05/2021;226582
2;OBSTRUIDO;564980;17/07/2023;244923
3;OCUPADO;564999;06/03/2025;267730
2;OBSTRUIDO;565002;23/12/2024;265901
1;VAGO;565003;26/10/2021;230839
1;VAGO;565004;26/10/2021;230840
1;VAGO;565005;17/06/2020;219618
6;CERCADO;565006;19/04/2023;242381
6;CERCADO;565007;19/04/2023;242383
6;CERCADO;565009;19/04/2023;242385
1;VAGO;567660;03/09/2024;263205
1;VAGO;567661;03/09/2024;263206
1;VAGO;567662;15/07/2021;228090
1;VAGO;567663;15/07/2021;228089
3;OCUPADO;572196;09/06/2025;270137
3;OCUPADO;572198;09/06/2025;270156
3;OCUPADO;572204;09/06/2025;270161
3;OCUPADO;572206;09/06/2025;270162
3;OCUPADO;572209;09/06/2025;270163
3;OCUPADO;572213;09/06/2025;270164
3;OCUPADO;572214;09/06/2025;270165
3;OCUPADO;572217;16/06/2014;167698
3;OCUPADO;572219;09/06/2025;270168
1;VAGO;573323;26/11/2025;275687
1;VAGO;573324;26/11/2025;275685
3;OCUPADO;573333;20/01/2026;276768
1;VAGO;573340;30/01/2024;254431
3;OCUPADO;573347;19/11/2025;275601
1;VAGO;576092;10/06/2021;226902
1;VAGO;589643;14/11/2023;250786
1;VAGO;589651;29/10/2021;230879
1;VAGO;589701;29/10/2021;230880
1;VAGO;589714;10/10/2024;264058
1;VAGO;589715;24/05/2024;264057
1;VAGO;589716;18/07/2023;245166
2;OBSTRUIDO;589800;07/07/2025;270781
2;OBSTRUIDO;589801;15/07/2025;270983
1;VAGO;589803;29/09/2025;273749
1;VAGO;589804;10/08/2020;220524
1;VAGO;589816;23/07/2025;271456
1;VAGO;589831;27/06/2023;244303
1;VAGO;589901;11/01/2023;239755
1;VAGO;589902;30/05/2025;269910
3;OCUPADO;589903;02/01/2023;239657
3;OCUPADO;590565;29/07/2021;228390
3;OCUPADO;590568;19/03/2021;225485
2;OBSTRUIDO;590599;27/10/2022;238160
1;VAGO;590617;03/09/2021;229383
1;VAGO;590705;15/02/2023;240632
3;OCUPADO;590707;19/04/2024;257231
3;OCUPADO;590712;30/01/2024;254379
2;OBSTRUIDO;593707;12/11/2024;264861
3;OCUPADO;593726;07/11/2023;249987
2;OBSTRUIDO;593772;25/01/2022;232289
1;VAGO;593811;23/09/2025;273440
1;VAGO;593944;14/10/2020;221631
1;VAGO;593948;11/04/2022;233965
2;OBSTRUIDO;593990;11/08/2023;246315
6;CERCADO;594088;28/09/2021;230253
6;CERCADO;594089;28/09/2021;230254
6;CERCADO;594090;28/09/2021;230255
6;CERCADO;594091;28/09/2021;230256
5;EM CONSTRUCAO;594092;09/11/2023;250104
6;CERCADO;594093;11/03/2022;233224
1;VAGO;594190;15/09/2020;221100
1;VAGO;594191;10/01/2020;216982
1;VAGO;594195;21/02/2020;218250
1;VAGO;594196;23/01/2023;239953
1;VAGO;594200;02/03/2021;224644
1;VAGO;594203;16/07/2020;220170
1;VAGO;594205;16/07/2020;220171
1;VAGO;594208;25/08/2022;236541
2;OBSTRUIDO;594209;20/03/2025;268116
3;OCUPADO;594217;04/04/2023;241987
1;VAGO;594221;03/11/2021;230907
1;VAGO;594223;07/01/2021;223603
1;VAGO;594225;29/11/2022;238810
1;VAGO;594227;12/04/2021;225766
1;VAGO;594228;29/11/2022;238811
1;VAGO;594230;15/02/2024;254811
1;VAGO;594232;29/11/2022;238809
1;VAGO;594252;14/08/2025;272064
1;VAGO;594282;30/12/2021;231906
1;VAGO;594311;13/01/2020;217047
1;VAGO;594312;13/08/2020;220578
1;VAGO;594322;13/01/2020;217048
1;VAGO;594478;05/10/2020;221419
1;VAGO;594490;09/02/2022;232678
1;VAGO;594522;16/07/2020;220165
1;VAGO;594523;16/07/2020;220166
1;VAGO;594524;16/07/2020;220167
1;VAGO;594525;16/07/2020;220168
1;VAGO;594628;07/01/2021;223604
1;VAGO;594637;13/01/2020;217049
1;VAGO;594639;14/10/2020;221630
1;VAGO;594658;17/07/2020;220161
1;VAGO;594661;21/02/2020;218252
1;VAGO;594673;21/02/2020;218253
3;OCUPADO;594674;26/07/2023;245500
1;VAGO;594679;08/01/2020;216846
1;VAGO;594681;21/02/2020;218254
1;VAGO;594689;22/02/2021;224506
1;VAGO;594693;29/05/2025;269946
1;VAGO;594704;30/08/2024;263059
1;VAGO;594719;27/06/2023;244341
1;VAGO;594725;16/07/2020;220173
1;VAGO;594732;02/01/2023;239601
1;VAGO;594759;25/08/2022;236554
1;VAGO;594766;27/10/2023;249650
1;VAGO;594785;11/03/2022;233122
1;VAGO;594790;30/08/2024;263061
3;OCUPADO;594793;18/10/2023;249452
1;VAGO;594820;21/02/2020;218255
2;OBSTRUIDO;594837;29/05/2025;269947
2;OBSTRUIDO;594839;10/12/2024;265562
1;VAGO;594840;30/03/2023;241903
1;VAGO;594845;09/02/2023;240551
1;VAGO;594852;21/02/2020;218256
6;CERCADO;594855;03/06/2020;219423
1;VAGO;594917;27/10/2023;249647
1;VAGO;594919;16/12/2024;265564
1;VAGO;594952;11/03/2022;233123
1;VAGO;595140;04/11/2020;222175
3;OCUPADO;595141;25/07/2024;261629
5;EM CONSTRUCAO;595142;04/11/2020;222176
5;EM CONSTRUCAO;595143;04/11/2020;222174
1;VAGO;595150;21/02/2020;218257
1;VAGO;595151;21/02/2020;218258
1;VAGO;595152;21/02/2020;218259
1;VAGO;595153;21/02/2020;218260
1;VAGO;595160;08/01/2020;216841
1;VAGO;595161;08/01/2020;216842
1;VAGO;595162;08/01/2020;216843
1;VAGO;595163;08/01/2020;216844
1;VAGO;595171;16/07/2020;220174
1;VAGO;595172;16/07/2020;220250
1;VAGO;595173;02/07/2020;219909
1;VAGO;595174;02/07/2020;219910
3;OCUPADO;595202;22/09/2023;247843
6;CERCADO;595203;22/09/2023;247879
1;VAGO;595204;05/12/2023;252313
2;OBSTRUIDO;595205;05/12/2023;252315
1;VAGO;595206;05/12/2023;252316
1;VAGO;595207;05/12/2023;252317
3;OCUPADO;595208;05/02/2024;254662
1;VAGO;595209;18/09/2023;247687
1;VAGO;595210;18/09/2023;247684
1;VAGO;595211;21/09/2023;247830
1;VAGO;595212;27/06/2023;244342
1;VAGO;595214;18/09/2023;247685
1;VAGO;595215;18/12/2023;253113
1;VAGO;595216;18/09/2023;247686
1;VAGO;595217;16/02/2024;254888
1;VAGO;595219;23/02/2024;255184
1;VAGO;595220;08/11/2024;264694
1;VAGO;595221;16/02/2024;254884
1;VAGO;595222;16/02/2024;254885
1;VAGO;595223;21/09/2023;247829
1;VAGO;595224;21/09/2023;247828
1;VAGO;595363;10/02/2021;224377
6;CERCADO;595685;29/08/2023;247059
1;VAGO;595687;02/05/2024;257520
1;VAGO;595688;05/11/2025;275005
1;VAGO;595689;30/09/2025;273785
1;VAGO;595690;25/07/2025;271437
1;VAGO;595691;31/01/2025;266637
1;VAGO;595695;02/05/2024;257526
1;VAGO;595696;07/02/2025;266885
1;VAGO;595697;07/02/2025;266886
1;VAGO;595698;07/02/2025;266888
1;VAGO;595699;07/02/2025;266887
1;VAGO;595700;07/02/2025;266889
1;VAGO;595701;27/11/2024;265313
1;VAGO;595714;27/11/2024;265314
1;VAGO;595718;26/03/2025;267670
1;VAGO;595719;26/03/2025;267669
1;VAGO;595720;26/03/2025;267667
1;VAGO;595721;02/09/2024;263084
1;VAGO;595723;27/11/2024;265315
1;VAGO;595724;27/11/2024;265316
1;VAGO;595728;05/05/2025;269289
1;VAGO;595729;05/05/2025;269288
1;VAGO;595730;05/05/2025;269287
1;VAGO;595731;05/05/2025;269283
1;VAGO;595733;05/05/2025;269281
3;OCUPADO;595736;14/11/2025;275416
1;VAGO;595744;07/02/2025;266884
1;VAGO;595747;08/07/2024;259666
1;VAGO;595748;08/07/2024;259668
1;VAGO;595750;08/11/2024;264697
1;VAGO;595752;31/01/2025;266632
1;VAGO;595753;31/01/2025;266633
1;VAGO;595759;21/08/2025;272422
1;VAGO;595760;21/08/2025;272425
1;VAGO;595762;16/01/2026;276694
1;VAGO;595764;14/08/2025;272068
1;VAGO;595766;27/02/2025;267582
1;VAGO;595767;27/11/2024;265320
3;OCUPADO;595775;24/10/2024;264427
3;OCUPADO;595776;22/02/2025;267405
3;OCUPADO;595777;09/01/2025;266056
1;VAGO;595780;16/12/2024;265584
2;OBSTRUIDO;595783;28/05/2025;269861
5;EM CONSTRUCAO;595784;15/07/2025;271012
1;VAGO;595785;05/05/2025;269274
1;VAGO;595786;16/12/2024;265586
1;VAGO;595787;16/12/2024;265588
2;OBSTRUIDO;595788;24/04/2025;269084
3;OCUPADO;595789;07/05/2025;269351
2;OBSTRUIDO;595790;06/03/2025;267742
3;OCUPADO;595791;21/05/2025;269631
3;OCUPADO;595792;21/05/2025;269633
1;VAGO;595793;27/05/2025;269769
2;OBSTRUIDO;595794;24/04/2025;269085
3;OCUPADO;595795;30/04/2025;269343
6;CERCADO;595796;09/01/2025;266059
3;OCUPADO;595797;22/09/2025;273422
2;OBSTRUIDO;595798;06/03/2025;267747
3;OCUPADO;595799;30/04/2025;269342
2;OBSTRUIDO;595800;29/05/2025;269952
3;OCUPADO;595801;30/04/2025;269340
1;VAGO;595802;08/11/2024;264695
1;VAGO;595803;14/08/2025;272067
1;VAGO;595805;02/09/2024;263082
1;VAGO;595806;27/06/2025;270547
2;OBSTRUIDO;595807;27/06/2025;270548
5;EM CONSTRUCAO;595808;27/06/2025;270549
3;OCUPADO;595809;14/11/2025;275417
2;OBSTRUIDO;595811;27/06/2025;270551
3;OCUPADO;595813;19/08/2024;262597
1;VAGO;595823;16/02/2024;254892
1;VAGO;595824;16/02/2024;255306
1;VAGO;595825;16/12/2024;265572
1;VAGO;595826;16/12/2024;265573
1;VAGO;595827;16/12/2024;265574
1;VAGO;595828;16/12/2024;265582
1;VAGO;595829;16/12/2024;265583
1;VAGO;595832;19/08/2024;262591
1;VAGO;595833;19/08/2024;262594
1;VAGO;595834;19/08/2024;262595
1;VAGO;595835;19/08/2024;262596
1;VAGO;595836;03/10/2025;273981
1;VAGO;595837;26/09/2024;263796
1;VAGO;595838;25/09/2024;263765
1;VAGO;595839;26/09/2024;263794
1;VAGO;595840;26/09/2024;263795
1;VAGO;595841;08/11/2024;264698
1;VAGO;595842;08/11/2024;264699
1;VAGO;595843;05/05/2025;269270
2;OBSTRUIDO;595845;27/05/2025;269778
5;EM CONSTRUCAO;595846;27/06/2025;270545
5;EM CONSTRUCAO;595847;27/06/2025;270546
1;VAGO;595848;11/07/2025;270889
2;OBSTRUIDO;595849;11/07/2025;270897
1;VAGO;595850;23/02/2024;255196
1;VAGO;595851;24/07/2024;261574
2;OBSTRUIDO;595852;24/07/2024;261573
1;VAGO;595853;16/02/2024;255298
1;VAGO;595854;16/02/2024;254891
1;VAGO;595856;21/05/2024;258180
1;VAGO;595857;22/10/2024;264380
1;VAGO;595858;24/07/2024;261571
3;OCUPADO;595859;21/08/2024;262695
1;VAGO;595860;08/07/2024;259671
1;VAGO;595861;21/05/2024;258181
1;VAGO;595862;23/02/2024;255216
1;VAGO;595863;23/02/2024;255227
1;VAGO;595864;24/07/2024;261575
1;VAGO;595865;24/07/2024;261576
1;VAGO;595866;21/05/2024;258182
1;VAGO;595867;21/05/2024;258183
1;VAGO;595868;21/05/2024;258184
1;VAGO;595870;13/05/2021;226237
1;VAGO;595871;02/03/2021;224648
1;VAGO;595872;14/07/2022;235528
1;VAGO;595874;12/08/2021;228722
1;VAGO;595875;09/02/2023;240545
1;VAGO;595876;09/02/2023;240547
1;VAGO;595877;18/05/2023;243366
1;VAGO;595914;05/05/2022;234253
1;VAGO;595915;17/04/2024;257126
1;VAGO;595916;23/02/2024;255234
1;VAGO;595917;20/08/2024;262812
1;VAGO;595982;27/02/2025;267583
1;VAGO;597623;10/02/2021;224378
1;VAGO;597638;07/10/2024;263974
1;VAGO;597639;11/06/2021;226945
1;VAGO;597641;07/01/2021;223588
1;VAGO;597712;18/01/2021;223765
1;VAGO;597718;12/12/2023;252961
1;VAGO;597818;04/03/2020;218373
1;VAGO;599041;04/03/2020;218374
1;VAGO;599042;04/03/2020;218376
1;VAGO;599043;04/03/2020;218377
1;VAGO;599044;04/03/2020;218382
1;VAGO;599045;04/03/2020;218383
1;VAGO;599046;04/03/2020;218384
1;VAGO;599050;03/02/2021;224183
1;VAGO;599051;03/02/2021;224182
1;VAGO;599052;03/02/2021;224181
1;VAGO;599053;10/03/2021;224886
1;VAGO;599055;10/03/2021;224883
1;VAGO;599069;07/06/2024;258583
1;VAGO;599070;05/10/2020;221412
2;OBSTRUIDO;599071;05/10/2020;221413
1;VAGO;599074;20/01/2026;276772
1;VAGO;599079;27/02/2025;267593
1;VAGO;599085;27/09/2025;273752
1;VAGO;599087;27/09/2025;273755
1;VAGO;599088;01/09/2021;229347
1;VAGO;599089;01/09/2021;229348
1;VAGO;599090;01/09/2021;229349
1;VAGO;599091;01/09/2021;229351
1;VAGO;599092;01/09/2021;229352
6;CERCADO;599243;05/04/2022;233586
2;OBSTRUIDO;600042;08/11/2024;264767
2;OBSTRUIDO;600939;26/03/2025;268396
1;VAGO;600945;09/01/2023;239700
1;VAGO;600946;11/12/2023;252914
1;VAGO;600947;26/11/2024;265298
1;VAGO;600948;26/11/2024;265299
1;VAGO;600950;10/03/2025;267777
1;VAGO;600953;25/10/2024;264513
1;VAGO;600954;17/12/2024;265661
1;VAGO;600955;17/12/2024;265663
1;VAGO;601516;09/12/2020;222905
2;OBSTRUIDO;602350;09/07/2020;220037
1;VAGO;602352;07/06/2024;258635
1;VAGO;803158;30/09/2020;221349
1;VAGO;803164;12/04/2021;225748
0;SITUACAO NAO CADASTRADA;803166;16/06/2020;219638
1;VAGO;803167;07/10/2025;273987
1;VAGO;803168;07/10/2025;273990
3;OCUPADO;803172;07/12/2023;252692
1;VAGO;803179;29/08/2022;236613
1;VAGO;803182;16/09/2022;237020
1;VAGO;803183;16/09/2022;237021
1;VAGO;803184;16/09/2022;237022
1;VAGO;803185;12/04/2021;225752
1;VAGO;803186;16/09/2022;237023
1;VAGO;803187;16/07/2021;228132
1;VAGO;803189;20/03/2025;268097
1;VAGO;803190;12/08/2025;271968
1;VAGO;803192;12/08/2025;271969
1;VAGO;803194;14/08/2025;272018
1;VAGO;803212;13/08/2021;228803
1;VAGO;803213;01/12/2021;231341
1;VAGO;803222;16/09/2022;237019
1;VAGO;803223;13/08/2021;228801
1;VAGO;803230;09/03/2021;224854
1;VAGO;803231;16/07/2021;228131
6;CERCADO;806216;01/02/2022;232436
6;CERCADO;806217;01/02/2022;232435
5;EM CONSTRUCAO;806219;05/04/2022;233594
1;VAGO;806592;03/09/2021;229393
1;VAGO;806914;21/03/2022;233371
1;VAGO;806915;21/03/2022;233373
1;VAGO;806960;08/11/2024;264783
5;EM CONSTRUCAO;806961;30/04/2024;257488
1;VAGO;806964;19/12/2024;265724
1;VAGO;806965;05/12/2024;265422
1;VAGO;806966;19/12/2024;265723
6;CERCADO;806967;03/05/2024;257593
6;CERCADO;806969;16/04/2024;257104
1;VAGO;806983;26/09/2024;263748
1;VAGO;806990;26/06/2023;244279
1;VAGO;806994;15/07/2025;270982
3;OCUPADO;806995;15/07/2025;270980
1;VAGO;806997;02/12/2020;222639
3;OCUPADO;806998;15/07/2025;270979
3;OCUPADO;807000;25/04/2025;269081
2;OBSTRUIDO;807001;28/05/2025;269833
1;VAGO;807006;12/08/2020;220574
1;VAGO;807012;12/08/2020;220575
1;VAGO;807024;25/05/2021;226566
1;VAGO;807025;25/05/2021;226567
1;VAGO;807028;26/08/2021;229171
1;VAGO;807029;12/08/2020;220576
1;VAGO;807030;17/09/2020;221151
2;OBSTRUIDO;807031;18/12/2024;265666
1;VAGO;807032;28/01/2025;266534
1;VAGO;807033;28/01/2025;266536
1;VAGO;807034;28/01/2025;266537
1;VAGO;807035;07/04/2025;268602
1;VAGO;807036;07/04/2025;268603
1;VAGO;807064;25/08/2020;220789
1;VAGO;807069;25/08/2020;220790
1;VAGO;807070;14/08/2020;220610
1;VAGO;807072;14/08/2020;220611
2;OBSTRUIDO;807074;08/01/2021;223624
1;VAGO;807077;08/01/2021;223626
2;OBSTRUIDO;807078;08/01/2021;223625
2;OBSTRUIDO;807079;08/01/2021;223627
2;OBSTRUIDO;807080;08/01/2021;223628
1;VAGO;807098;29/10/2021;230877
1;VAGO;807101;16/06/2020;219593
1;VAGO;807104;25/08/2020;220791
1;VAGO;807119;25/08/2020;220792
1;VAGO;807120;12/12/2019;216279
1;VAGO;807125;14/08/2020;220612
2;OBSTRUIDO;807126;14/08/2020;220613
2;OBSTRUIDO;807127;18/06/2021;227044
1;VAGO;807128;18/06/2021;227045
2;OBSTRUIDO;807129;18/06/2021;227046
2;OBSTRUIDO;807130;18/06/2021;227047
2;OBSTRUIDO;807133;18/06/2021;227048
2;OBSTRUIDO;807134;18/06/2021;227049
1;VAGO;807152;21/05/2020;219235
2;OBSTRUIDO;807154;01/12/2020;222594
1;VAGO;807155;12/12/2019;216294
1;VAGO;807156;04/02/2020;217731
1;VAGO;807160;27/06/2023;244309
1;VAGO;807161;27/06/2023;244310
0;SITUACAO NAO CADASTRADA;807162;27/06/2023;244348
1;VAGO;807168;09/02/2026;277458
1;VAGO;807169;29/10/2025;274723
1;VAGO;807170;18/12/2024;265668
1;VAGO;807171;08/04/2022;233640
1;VAGO;807172;14/11/2023;250755
1;VAGO;807173;17/09/2020;221153
1;VAGO;807174;18/12/2024;265669
1;VAGO;807176;08/04/2022;233643
1;VAGO;807177;08/04/2022;233644
1;VAGO;807180;27/06/2023;244304
1;VAGO;807183;16/08/2021;228770
1;VAGO;807184;16/08/2021;228771
1;VAGO;807185;16/08/2021;228772
1;VAGO;807186;11/12/2023;252865
1;VAGO;807192;30/10/2025;274793
1;VAGO;807194;14/10/2024;264206
1;VAGO;807195;14/10/2024;264207
3;OCUPADO;807282;12/05/2025;269405
1;VAGO;807332;16/07/2021;228086
1;VAGO;807333;04/09/2024;263176
1;VAGO;807334;17/07/2023;244902
1;VAGO;807336;21/10/2022;237981
1;VAGO;807337;16/05/2022;234453
1;VAGO;807338;16/05/2022;234454
1;VAGO;807339;16/05/2022;234455
1;VAGO;807340;17/07/2023;244903
1;VAGO;807341;25/07/2022;235708
1;VAGO;807342;25/07/2022;235709
3;OCUPADO;807343;29/01/2026;277148
1;VAGO;807344;27/01/2023;240126
1;VAGO;807345;27/01/2023;240127
1;VAGO;807346;27/01/2023;240128
2;OBSTRUIDO;807350;25/07/2023;245434
1;VAGO;807351;26/04/2023;242724
2;OBSTRUIDO;807352;09/01/2024;253513
1;VAGO;807353;09/01/2024;253515
1;VAGO;807354;26/04/2023;242723
1;VAGO;807355;09/01/2024;253516
1;VAGO;807356;09/01/2024;253518
1;VAGO;807357;09/01/2024;253520
1;VAGO;807358;09/01/2024;253522
1;VAGO;807359;26/04/2023;242722
1;VAGO;807360;04/09/2024;263178
1;VAGO;807361;05/11/2020;222198
1;VAGO;807362;16/09/2020;221126
1;VAGO;807363;06/01/2021;223499
1;VAGO;807364;06/01/2021;223500
1;VAGO;807365;04/09/2024;263181
1;VAGO;807366;06/02/2026;277395
1;VAGO;807367;10/03/2025;267772
1;VAGO;807368;11/08/2023;246300
1;VAGO;807370;10/06/2024;258578
1;VAGO;807374;15/01/2025;266184
1;VAGO;807375;16/07/2024;261159
1;VAGO;807376;12/03/2024;255924
1;VAGO;807377;14/08/2025;272073
2;OBSTRUIDO;807378;12/09/2025;272965
1;VAGO;807379;30/10/2025;274792
1;VAGO;807380;03/05/2024;257549
1;VAGO;807381;11/01/2023;239756
1;VAGO;807382;06/01/2023;239681
1;VAGO;807383;06/01/2023;239682
1;VAGO;807384;18/06/2021;227031
1;VAGO;807385;18/06/2021;227032
1;VAGO;807390;20/02/2020;218218
1;VAGO;807393;20/02/2020;218220
1;VAGO;807394;20/02/2020;218219
1;VAGO;807406;30/03/2021;225596
1;VAGO;807407;29/05/2020;219371
1;VAGO;807408;26/08/2020;220811
1;VAGO;807409;05/11/2020;222201
1;VAGO;807410;05/11/2020;222202
1;VAGO;807411;05/11/2020;222203
1;VAGO;807413;05/11/2020;222205
1;VAGO;807414;05/11/2020;222206
2;OBSTRUIDO;808171;22/07/2020;220263
3;OCUPADO;808172;22/07/2020;220264
3;OCUPADO;808196;19/01/2021;223784
3;OCUPADO;808197;15/01/2024;253624
1;VAGO;808213;23/01/2020;217577
1;VAGO;808214;23/01/2020;217578
1;VAGO;808544;08/01/2020;217010
1;VAGO;808545;08/01/2020;217011
3;OCUPADO;808565;12/03/2024;255969
1;VAGO;808585;08/01/2020;217012
1;VAGO;808586;08/01/2020;217013
1;VAGO;808587;08/01/2020;217014
3;OCUPADO;808747;19/01/2021;223783
3;OCUPADO;808760;03/06/2025;269982
1;VAGO;808761;16/07/2020;220160
6;CERCADO;808928;21/08/2025;272332
3;OCUPADO;808938;07/01/2021;223630
1;VAGO;808960;04/12/2020;222733
2;OBSTRUIDO;808962;06/02/2020;217831
1;VAGO;808963;06/02/2020;217830
1;VAGO;808980;18/06/2021;227069
2;OBSTRUIDO;808981;18/06/2021;227072
1;VAGO;808982;18/06/2021;227073
1;VAGO;808983;18/06/2021;227074
1;VAGO;808984;18/06/2021;227075
1;VAGO;808985;18/06/2021;227076
1;VAGO;808986;16/07/2020;220158
2;OBSTRUIDO;808987;17/03/2023;241409
2;OBSTRUIDO;808988;09/03/2021;224891
1;VAGO;809005;23/01/2020;217574
1;VAGO;809006;15/01/2024;253626
1;VAGO;809008;04/01/2021;223415
3;OCUPADO;809011;24/01/2024;253989
1;VAGO;809028;29/01/2021;224054
2;OBSTRUIDO;809029;10/03/2022;233114
1;VAGO;809030;16/07/2020;220159
2;OBSTRUIDO;809156;21/10/2022;237956
1;VAGO;809158;09/03/2021;224895
1;VAGO;809159;09/03/2021;224896
1;VAGO;809160;09/03/2021;224897
1;VAGO;809161;09/03/2021;224898
1;VAGO;809162;16/07/2020;220156
1;VAGO;809163;31/07/2020;220419
3;OCUPADO;809164;02/06/2021;226696
1;VAGO;809181;27/09/2021;230103
1;VAGO;809182;13/08/2021;228804
1;VAGO;809183;08/01/2020;217009
6;CERCADO;809184;13/08/2021;228805
1;VAGO;809185;26/06/2020;219928
2;OBSTRUIDO;809200;15/07/2020;220109
1;VAGO;809201;31/07/2020;220420
1;VAGO;809202;16/07/2020;220157
2;OBSTRUIDO;809353;21/10/2022;237957
2;OBSTRUIDO;809354;21/10/2022;237958
2;OBSTRUIDO;809355;21/10/2022;237959
1;VAGO;809356;15/06/2022;235072
3;OCUPADO;809377;13/06/2022;235052
1;VAGO;809378;17/03/2021;225350
1;VAGO;809379;22/07/2020;220265
1;VAGO;809546;11/12/2020;223000
1;VAGO;809547;11/12/2020;223001
1;VAGO;809549;11/12/2020;222993
1;VAGO;809550;11/12/2020;223002
1;VAGO;809551;11/12/2020;223003
1;VAGO;809552;16/07/2020;220153
1;VAGO;809553;22/07/2020;220268
1;VAGO;809554;15/07/2020;220106
1;VAGO;809571;17/12/2024;265602
1;VAGO;809572;07/02/2025;266901
1;VAGO;809573;07/02/2025;266902
1;VAGO;809574;24/01/2024;254005
1;VAGO;809575;24/01/2024;254004
1;VAGO;809593;20/02/2020;218224
1;VAGO;809594;12/08/2020;220545
1;VAGO;809595;20/02/2020;218226
1;VAGO;809751;05/08/2021;228491
1;VAGO;809752;09/09/2022;236845
1;VAGO;809753;10/03/2022;233108
1;VAGO;809754;10/03/2022;233110
1;VAGO;809755;10/03/2022;233111
1;VAGO;809758;14/08/2023;246353
3;OCUPADO;809783;17/08/2023;246546
1;VAGO;809784;22/07/2020;220266
1;VAGO;809818;27/10/2023;249671
1;VAGO;809842;16/02/2024;254945
1;VAGO;810376;11/04/2022;233697
6;CERCADO;810377;26/07/2022;235729
2;OBSTRUIDO;810380;03/09/2021;229413
2;OBSTRUIDO;810381;03/09/2021;229414
2;OBSTRUIDO;810382;03/09/2021;229415
1;VAGO;810384;27/03/2023;241746
1;VAGO;810393;11/03/2021;224919
1;VAGO;810395;09/01/2020;216979
1;VAGO;810396;09/01/2020;216980
1;VAGO;810397;23/03/2023;241689
1;VAGO;810398;12/08/2020;220570
1;VAGO;810399;09/01/2020;216981
1;VAGO;810400;09/01/2020;216983
1;VAGO;810414;09/01/2020;216969
1;VAGO;810415;22/02/2024;255181
2;OBSTRUIDO;810416;12/12/2023;252967
2;OBSTRUIDO;810417;22/05/2024;258194
1;VAGO;810418;11/12/2023;252858
1;VAGO;810421;27/03/2023;241752
1;VAGO;810435;19/03/2021;225512
1;VAGO;810436;13/04/2021;225790
1;VAGO;810437;10/06/2021;226899
1;VAGO;810438;18/07/2023;245068
1;VAGO;810442;18/07/2023;245070
1;VAGO;810443;18/07/2023;245071
2;OBSTRUIDO;810461;11/12/2023;252862
2;OBSTRUIDO;810462;23/03/2023;241691
1;VAGO;810463;31/10/2022;238191
1;VAGO;810464;19/08/2024;262540
6;CERCADO;810465;19/08/2024;262541
1;VAGO;810492;18/07/2023;245072
1;VAGO;810770;14/09/2021;229680
1;VAGO;810771;27/12/2021;231853
1;VAGO;810772;05/05/2022;234335
1;VAGO;810773;05/05/2022;234264
1;VAGO;810774;05/05/2022;234265
1;VAGO;810775;05/05/2022;234266
1;VAGO;814303;16/06/2022;235071
2;OBSTRUIDO;814744;14/12/2020;222965
2;OBSTRUIDO;814745;14/12/2020;222966
2;OBSTRUIDO;814746;14/12/2020;222967
2;OBSTRUIDO;814760;08/11/2024;264774
3;OCUPADO;814761;08/05/2025;269361
2;OBSTRUIDO;814762;04/12/2024;265398
2;OBSTRUIDO;814763;05/12/2023;252359
3;OCUPADO;818591;15/03/2024;256070
1;VAGO;818813;12/09/2025;273039
1;VAGO;818814;16/07/2024;261148
1;VAGO;818815;17/03/2021;225349
1;VAGO;818905;20/08/2024;262663
1;VAGO;818906;20/08/2024;262845
1;VAGO;818907;20/08/2024;262846
1;VAGO;818908;20/08/2024;262847
1;VAGO;818909;20/08/2024;262665
1;VAGO;818910;20/08/2024;262666
1;VAGO;818911;20/08/2024;262667
1;VAGO;818912;20/08/2024;262668
1;VAGO;818913;20/08/2024;262843
1;VAGO;818914;20/08/2024;262844
6;CERCADO;818915;29/10/2025;274763
6;CERCADO;818916;29/10/2025;274764
6;CERCADO;818917;29/10/2025;274765
6;CERCADO;818918;06/01/2026;276361
6;CERCADO;818919;06/01/2026;276362
6;CERCADO;818920;29/10/2025;274768
6;CERCADO;818921;29/10/2025;274769
1;VAGO;818922;07/10/2025;273992
1;VAGO;818923;14/10/2025;274311
1;VAGO;818924;14/10/2025;274312
1;VAGO;818926;07/10/2025;273993
1;VAGO;818927;08/07/2025;270765
1;VAGO;818928;08/07/2025;270766
1;VAGO;818929;08/07/2025;270767
1;VAGO;818930;08/07/2025;270768
2;OBSTRUIDO;818931;14/10/2025;274314
1;VAGO;818955;29/01/2026;277134
1;VAGO;818956;29/01/2026;277133
1;VAGO;818957;29/01/2026;277141
1;VAGO;818958;29/01/2026;277135
1;VAGO;818959;29/01/2026;277136
1;VAGO;818961;25/11/2025;275612
1;VAGO;818962;29/01/2026;277137
1;VAGO;818963;29/01/2026;277138
1;VAGO;818965;29/01/2026;277140
1;VAGO;818966;13/01/2025;266138
1;VAGO;819041;20/03/2025;268091
1;VAGO;819043;17/01/2026;276722
1;VAGO;819046;20/12/2022;239424
1;VAGO;819047;20/12/2022;239425
1;VAGO;819051;09/02/2023;240533
1;VAGO;819052;09/02/2023;240534
1;VAGO;819053;11/12/2025;276048
1;VAGO;819055;09/02/2023;240537
1;VAGO;819057;09/02/2023;240540
1;VAGO;819058;09/02/2023;240541
1;VAGO;819059;09/02/2023;240543
1;VAGO;819065;12/04/2021;225746
1;VAGO;819066;12/04/2021;225745
1;VAGO;819067;05/08/2021;228490
1;VAGO;819068;12/04/2021;225742
2;OBSTRUIDO;819069;26/07/2021;228268
1;VAGO;819074;04/12/2020;222731
1;VAGO;819075;11/12/2020;222994
1;VAGO;819076;11/12/2020;222996
1;VAGO;819077;11/12/2020;222997
1;VAGO;819078;11/12/2020;222998
1;VAGO;819079;16/07/2021;228128
1;VAGO;819080;16/07/2021;228129
1;VAGO;819081;16/07/2021;228130
1;VAGO;819082;06/02/2020;217829
2;OBSTRUIDO;819083;09/10/2020;221544
1;VAGO;819084;06/02/2020;217827
1;VAGO;819092;16/06/2020;219636
1;VAGO;819093;12/08/2020;220547
1;VAGO;819094;12/08/2020;220548
1;VAGO;819095;30/09/2020;221348
1;VAGO;819096;12/08/2020;220549
1;VAGO;819097;04/01/2021;223414
2;OBSTRUIDO;819099;19/01/2021;223763
3;OCUPADO;819100;19/01/2021;223766
3;OCUPADO;819102;14/06/2021;226926
2;OBSTRUIDO;819110;29/10/2020;222087
1;VAGO;819114;08/04/2022;233710
1;VAGO;819115;29/10/2020;222089
1;VAGO;819116;29/10/2020;222090
1;VAGO;819117;29/10/2020;222080
1;VAGO;819118;29/10/2020;222081
1;VAGO;819119;29/10/2020;222082
1;VAGO;819120;29/10/2020;222083
3;OCUPADO;819121;29/04/2025;269187
1;VAGO;819122;29/10/2020;221965
1;VAGO;819123;29/10/2020;222076
1;VAGO;819124;29/10/2020;222077
1;VAGO;819125;29/10/2020;222078
1;VAGO;819126;29/10/2020;222079
1;VAGO;819127;08/01/2020;217043
1;VAGO;819128;08/01/2020;217044
2;OBSTRUIDO;819129;08/01/2020;217045
1;VAGO;819130;08/01/2020;217046
3;OCUPADO;819134;08/01/2020;217019
1;VAGO;819136;08/01/2020;217020
1;VAGO;819137;08/01/2020;217018
1;VAGO;819138;08/01/2020;217021
1;VAGO;819139;08/01/2020;217022
1;VAGO;819140;08/01/2020;217023
1;VAGO;819141;12/04/2021;225732
1;VAGO;819142;02/09/2021;229334
1;VAGO;819143;12/04/2021;225735
1;VAGO;819144;12/04/2021;225737
1;VAGO;819145;12/04/2021;225738
1;VAGO;819146;12/04/2021;225739
1;VAGO;819147;12/04/2021;225740
1;VAGO;819148;02/09/2021;229324
1;VAGO;819149;02/09/2021;229325
1;VAGO;819150;02/09/2021;229326
1;VAGO;819151;02/09/2021;229327
1;VAGO;819152;02/09/2021;229328
1;VAGO;819153;02/09/2021;229329
1;VAGO;819154;02/09/2021;229330
1;VAGO;819155;24/07/2023;245372
1;VAGO;819156;26/01/2026;276867
1;VAGO;819157;26/01/2026;276868
1;VAGO;819158;26/01/2026;276869
1;VAGO;819159;14/03/2023;241179
1;VAGO;819160;10/12/2021;231545
1;VAGO;819161;24/01/2022;232293
1;VAGO;819162;24/01/2022;232294
1;VAGO;819163;21/10/2022;237954
1;VAGO;819164;21/10/2022;237955
3;OCUPADO;819165;24/01/2022;232297
1;VAGO;819166;24/01/2022;232298
1;VAGO;819167;10/12/2021;231534
1;VAGO;819168;24/01/2022;232299
1;VAGO;819169;10/12/2021;231549
1;VAGO;819174;10/12/2021;231546
1;VAGO;819175;10/12/2021;231547
1;VAGO;819176;26/08/2025;272402
1;VAGO;819177;11/12/2025;276049
1;VAGO;819178;26/01/2026;276870
1;VAGO;819179;26/01/2026;276871
1;VAGO;819180;26/01/2026;276872
1;VAGO;819188;23/02/2024;255333
2;OBSTRUIDO;819232;01/09/2023;247269
2;OBSTRUIDO;819270;06/06/2022;234908
1;VAGO;819272;16/06/2020;219637
1;VAGO;819275;14/08/2025;272019
1;VAGO;819277;24/04/2023;242550
1;VAGO;819279;09/01/2024;253523
3;OCUPADO;821983;28/04/2025;269102
6;CERCADO;822231;29/10/2021;230876
3;OCUPADO;823848;08/12/2023;252778
3;OCUPADO;823850;21/11/2024;265055
3;OCUPADO;823966;09/01/2026;276595
3;OCUPADO;823981;17/11/2025;275510
3;OCUPADO;824114;17/11/2025;275493
3;OCUPADO;824234;25/11/2025;275811
3;OCUPADO;824389;26/11/2025;275786
3;OCUPADO;825000;14/11/2023;250743
3;OCUPADO;825225;16/02/2024;254831
2;OBSTRUIDO;825478;03/09/2025;272608
3;OCUPADO;826014;24/11/2025;275585
3;OCUPADO;826188;14/11/2023;250747
3;OCUPADO;826268;30/01/2024;254408
3;OCUPADO;826883;07/01/2026;276431
3;OCUPADO;826944;06/01/2026;276417
3;OCUPADO;826951;17/11/2025;275457
1;VAGO;828901;17/09/2024;263558
1;VAGO;828902;05/12/2023;252314
1;VAGO;828903;18/09/2023;247796
1;VAGO;828906;13/11/2023;250696
1;VAGO;828926;01/04/2025;268488
1;VAGO;828966;09/10/2023;250091
1;VAGO;828967;14/11/2023;250737
1;VAGO;828968;14/11/2023;250738
1;VAGO;828969;14/11/2023;250740
1;VAGO;828970;24/01/2023;240041
1;VAGO;828971;24/01/2023;240043
1;VAGO;828972;24/01/2023;240044
1;VAGO;828973;24/01/2023;240045
1;VAGO;828974;24/01/2023;240046
1;VAGO;828975;24/01/2023;240047
1;VAGO;828976;24/01/2023;240048
1;VAGO;828977;21/10/2022;237963
1;VAGO;828978;21/10/2022;237965
1;VAGO;828979;21/10/2022;237966
1;VAGO;828980;21/10/2022;237967
1;VAGO;828981;21/10/2022;237968
1;VAGO;828982;21/10/2022;237969
1;VAGO;828983;21/10/2022;237971
1;VAGO;828989;09/10/2023;250090
1;VAGO;828990;27/03/2023;241734
0;SITUACAO NAO CADASTRADA;828991;27/03/2023;241735
1;VAGO;828992;27/03/2023;241736
1;VAGO;828993;27/03/2023;241737
0;SITUACAO NAO CADASTRADA;828994;27/03/2023;241738
1;VAGO;828995;05/08/2025;271766
1;VAGO;828996;01/07/2022;235330
1;VAGO;828997;01/07/2022;235331
1;VAGO;828998;01/07/2022;235332
1;VAGO;828999;01/07/2022;235333
1;VAGO;829000;01/07/2022;235334
1;VAGO;829001;01/07/2022;235335
1;VAGO;829002;01/07/2022;235336
3;OCUPADO;830412;26/08/2021;229135
3;OCUPADO;832621;16/02/2024;254846
1;VAGO;833077;19/09/2025;273365
1;VAGO;833098;15/01/2025;266188
1;VAGO;833254;17/04/2020;218938
2;OBSTRUIDO;833256;09/12/2020;222893
4;CONSTRUIDO;834232;27/05/2020;219318
3;OCUPADO;838128;29/12/2025;276316
4;CONSTRUIDO;838462;27/02/2024;255468
3;OCUPADO;838463;08/12/2025;275989
3;OCUPADO;838516;15/10/2024;264210
3;OCUPADO;838610;08/10/2025;274075
6;CERCADO;838611;26/11/2025;275756
3;OCUPADO;838672;06/11/2024;264658
3;OCUPADO;838730;29/08/2024;262974
3;OCUPADO;838733;28/02/2024;255522
3;OCUPADO;838743;24/05/2024;258286
4;CONSTRUIDO;838798;27/02/2024;255472
6;CERCADO;838864;04/09/2025;272614
4;CONSTRUIDO;838890;27/02/2024;255473
3;OCUPADO;839076;26/02/2025;267497
3;OCUPADO;839093;25/09/2024;263783
4;CONSTRUIDO;839106;27/02/2024;255477
2;OBSTRUIDO;839128;02/09/2024;263121
4;CONSTRUIDO;839130;28/08/2024;262861
3;OCUPADO;839142;26/09/2024;263788
3;OCUPADO;839184;26/11/2025;275723
3;OCUPADO;839228;25/09/2024;263760
3;OCUPADO;839233;28/02/2024;255517
4;CONSTRUIDO;839279;18/09/2024;263621
3;OCUPADO;839291;27/05/2024;258327
3;OCUPADO;839306;27/05/2024;258328
4;CONSTRUIDO;839344;18/11/2025;275475
3;OCUPADO;839420;28/02/2024;255519
6;CERCADO;839450;13/05/2025;269500
3;OCUPADO;839451;13/03/2025;267873
3;OCUPADO;839452;29/08/2024;262864
4;CONSTRUIDO;839456;27/08/2024;262875
4;CONSTRUIDO;839458;23/05/2025;269731
3;OCUPADO;839460;02/09/2024;263127
3;OCUPADO;839463;27/08/2024;262787
3;OCUPADO;839472;19/07/2024;261422
3;OCUPADO;839480;02/09/2024;263122
3;OCUPADO;839482;24/10/2024;264416
4;CONSTRUIDO;839486;19/09/2024;263643
3;OCUPADO;839487;26/05/2025;269751
3;OCUPADO;839493;26/08/2025;272460
4;CONSTRUIDO;839494;02/04/2025;268493
4;CONSTRUIDO;839700;16/01/2026;276733
3;OCUPADO;839857;12/11/2025;275306
3;OCUPADO;839892;26/11/2025;275753
3;OCUPADO;839900;26/11/2025;275749
3;OCUPADO;839902;02/02/2026;277224
1;VAGO;840632;18/07/2023;245122
1;VAGO;840642;29/01/2024;254178
2;OBSTRUIDO;840721;30/01/2024;254463
2;OBSTRUIDO;840722;05/12/2023;252339
2;OBSTRUIDO;840723;05/12/2023;252344
3;OCUPADO;840749;29/11/2024;265267
1;VAGO;840755;30/11/2022;238762
1;VAGO;840756;30/11/2022;238763
1;VAGO;840757;30/11/2022;238764
1;VAGO;840758;30/11/2022;238766
1;VAGO;840759;30/11/2022;238768
1;VAGO;840760;30/11/2022;238772
1;VAGO;840761;30/11/2022;238773
1;VAGO;840762;30/11/2022;238774
1;VAGO;840764;05/07/2023;244567
1;VAGO;840774;02/08/2023;245796
2;OBSTRUIDO;840775;08/08/2023;246140
6;CERCADO;841314;31/08/2023;247160
2;OBSTRUIDO;841316;31/08/2023;247330
1;VAGO;842424;11/03/2024;255925
1;VAGO;842425;11/03/2024;255927
1;VAGO;842431;26/11/2024;265107
1;VAGO;842432;26/09/2023;248036
1;VAGO;842436;26/09/2023;248041
1;VAGO;842437;13/11/2023;250561
1;VAGO;842438;13/11/2023;250597
1;VAGO;842439;13/11/2023;250598
1;VAGO;842445;17/12/2024;265672
1;VAGO;842453;09/01/2024;253475
1;VAGO;842454;09/01/2024;253476
1;VAGO;842455;09/01/2024;253477
1;VAGO;842457;02/12/2024;265349
1;VAGO;842461;09/01/2024;253483
1;VAGO;842462;22/04/2024;257272
1;VAGO;842463;22/04/2024;257273
1;VAGO;842464;09/01/2024;253486
1;VAGO;842465;02/12/2024;265350
1;VAGO;842466;02/12/2024;265351
1;VAGO;842471;13/11/2023;250666
1;VAGO;842472;22/04/2024;257274
1;VAGO;842473;22/04/2024;257275
1;VAGO;842474;13/11/2023;250669
1;VAGO;842475;13/11/2023;250670
1;VAGO;842476;13/11/2023;250671
1;VAGO;842477;13/11/2023;250672
1;VAGO;842479;22/04/2024;257277
1;VAGO;842482;26/11/2024;265124
1;VAGO;842483;17/12/2024;265617
1;VAGO;842484;13/11/2023;250679
1;VAGO;842485;19/08/2024;262528
1;VAGO;842487;13/11/2023;250682
1;VAGO;842488;13/11/2023;250683
1;VAGO;842489;13/11/2023;250684
1;VAGO;842491;13/11/2023;250686
1;VAGO;842492;13/11/2023;250687
1;VAGO;842493;09/01/2024;253504
1;VAGO;842495;26/09/2023;248061
1;VAGO;842497;26/09/2023;248063
1;VAGO;842498;26/09/2023;248065
1;VAGO;842500;26/09/2023;248068
1;VAGO;842502;09/07/2024;261057
1;VAGO;842504;01/02/2024;254576
1;VAGO;842505;26/09/2023;248074
1;VAGO;842506;05/12/2023;252394
1;VAGO;842507;09/07/2024;261060
1;VAGO;842508;05/12/2023;252396
1;VAGO;842509;26/09/2023;248078
1;VAGO;842510;26/09/2023;248079
1;VAGO;842511;05/12/2023;252397
1;VAGO;842512;05/12/2023;252398
1;VAGO;842513;09/07/2024;261061
1;VAGO;842514;05/12/2023;252400
1;VAGO;842515;11/06/2024;258609
1;VAGO;842516;04/10/2023;248333
1;VAGO;842523;22/04/2024;257279
1;VAGO;842524;04/10/2023;248341
1;VAGO;842525;26/11/2024;265113
1;VAGO;842528;04/10/2023;248345
1;VAGO;842532;11/06/2024;258607
1;VAGO;842533;11/06/2024;258611
1;VAGO;842534;11/06/2024;258612
1;VAGO;842535;11/06/2024;258615
1;VAGO;842536;04/10/2023;248355
1;VAGO;842537;04/10/2023;248356
1;VAGO;842539;04/10/2023;248358
1;VAGO;842540;09/07/2024;261046
1;VAGO;842541;04/10/2023;248360
1;VAGO;842542;04/10/2023;248361
1;VAGO;842543;09/07/2024;261047
1;VAGO;842544;09/07/2024;261048
1;VAGO;842545;09/07/2024;261049
1;VAGO;842546;09/07/2024;261050
1;VAGO;842547;09/07/2024;261051
1;VAGO;842550;03/04/2024;256661
1;VAGO;842551;22/02/2024;255182
1;VAGO;842552;26/11/2024;265115
1;VAGO;842553;11/09/2024;263429
1;VAGO;842554;19/08/2024;262532
1;VAGO;842557;11/10/2024;264092
1;VAGO;842558;22/02/2024;255191
1;VAGO;842559;02/12/2024;265352
1;VAGO;842560;02/12/2024;265353
1;VAGO;842563;11/10/2024;264093
1;VAGO;842564;11/10/2024;264094
1;VAGO;842565;22/02/2024;255200
1;VAGO;842566;11/09/2024;263430
1;VAGO;842567;11/09/2024;263431
1;VAGO;842568;11/09/2024;263432
1;VAGO;842569;11/10/2024;264095
1;VAGO;842570;11/09/2024;263434
1;VAGO;842571;19/08/2024;262533
1;VAGO;842572;19/08/2024;262534
1;VAGO;842573;19/08/2024;262535
1;VAGO;842574;11/09/2024;263419
1;VAGO;842577;11/09/2024;263422
1;VAGO;842585;26/11/2024;265120
1;VAGO;842586;26/11/2024;265121
1;VAGO;842592;26/11/2024;265122
1;VAGO;842601;02/12/2024;265355
1;VAGO;842608;11/09/2024;263423
1;VAGO;842609;17/07/2023;244994
1;VAGO;842610;11/10/2024;264096
1;VAGO;842611;17/07/2023;245001
1;VAGO;842612;17/07/2023;245003
1;VAGO;842613;17/07/2023;245004
1;VAGO;842614;17/07/2023;245008
1;VAGO;842615;05/12/2023;252401
1;VAGO;842616;17/07/2023;245015
1;VAGO;842617;17/07/2023;245020
1;VAGO;842619;09/01/2024;253493
1;VAGO;842620;17/07/2023;245030
1;VAGO;842621;17/07/2023;245034
1;VAGO;842622;17/07/2023;245039
1;VAGO;842623;02/12/2024;265360
1;VAGO;842624;17/07/2023;245044
1;VAGO;842625;11/10/2024;264108
1;VAGO;842626;17/07/2023;245051
1;VAGO;842627;17/07/2023;245056
1;VAGO;842628;17/07/2023;245059
1;VAGO;842629;17/07/2023;245060
1;VAGO;842630;17/07/2023;245062
1;VAGO;842633;11/10/2024;264107
1;VAGO;842634;17/12/2024;265620
1;VAGO;842635;01/02/2024;254585
1;VAGO;842636;28/08/2023;246954
1;VAGO;842638;28/08/2023;246960
1;VAGO;842639;28/08/2023;246955
1;VAGO;842640;05/12/2023;252411
1;VAGO;842641;26/11/2024;265125
1;VAGO;842642;01/02/2024;254588
1;VAGO;842643;28/08/2023;246964
1;VAGO;842644;17/12/2024;265622
1;VAGO;842645;05/12/2023;252415
1;VAGO;842646;28/08/2023;246968
1;VAGO;842647;28/08/2023;246969
1;VAGO;842653;28/08/2023;246975
1;VAGO;842654;28/08/2023;247055
1;VAGO;842655;28/08/2023;247056
1;VAGO;842656;28/08/2023;247057
1;VAGO;842657;28/08/2023;247058
1;VAGO;842659;28/08/2023;247060
1;VAGO;842660;22/02/2024;255211
1;VAGO;842661;28/08/2023;247063
1;VAGO;842662;28/08/2023;247047
1;VAGO;842663;28/08/2023;247048
1;VAGO;842664;28/08/2023;247049
1;VAGO;842667;28/08/2023;247066
1;VAGO;842672;28/08/2023;247071
1;VAGO;842673;28/08/2023;247050
1;VAGO;842685;17/12/2024;265624
1;VAGO;842703;28/08/2023;246997
1;VAGO;842704;28/08/2023;246998
1;VAGO;842705;28/08/2023;246999
1;VAGO;842709;28/08/2023;247003
1;VAGO;842712;28/08/2023;246977
1;VAGO;842713;28/08/2023;246978
1;VAGO;842714;28/08/2023;246979
1;VAGO;842715;28/08/2023;246980
1;VAGO;842719;05/12/2023;252436
1;VAGO;842720;28/08/2023;246985
1;VAGO;842721;28/08/2023;246987
1;VAGO;842722;28/08/2023;246988
1;VAGO;842723;28/08/2023;246989
1;VAGO;842727;28/08/2023;247008
1;VAGO;842728;28/08/2023;247007
1;VAGO;842729;01/02/2024;254609
1;VAGO;842738;17/12/2024;265627
1;VAGO;842749;02/12/2024;265357
1;VAGO;842750;02/12/2024;265358
1;VAGO;842751;11/09/2024;263426
1;VAGO;842762;17/12/2024;265633
1;VAGO;842774;17/12/2024;265635
1;VAGO;845481;19/12/2024;265721
6;CERCADO;845482;19/12/2024;265720
6;CERCADO;845483;22/05/2024;258191
6;CERCADO;845484;22/05/2024;258192
1;VAGO;845497;12/02/2025;267018
1;VAGO;846106;01/07/2025;270680
1;VAGO;846107;24/03/2025;268253
1;VAGO;846113;14/02/2025;267131
1;VAGO;846114;14/02/2025;267132
1;VAGO;846117;05/05/2025;269230
1;VAGO;846118;06/10/2025;274084
1;VAGO;846119;09/06/2025;270108
1;VAGO;846125;14/02/2025;267133
1;VAGO;846126;14/02/2025;267135
1;VAGO;846127;14/02/2025;267136
1;VAGO;846128;14/02/2025;267137
1;VAGO;846136;23/12/2024;265892
1;VAGO;846137;23/12/2024;265893
1;VAGO;846138;23/12/2024;265894
1;VAGO;846139;05/05/2025;269234
1;VAGO;846140;24/03/2025;268261
1;VAGO;846141;14/02/2025;267152
1;VAGO;846142;07/11/2025;275102
1;VAGO;846143;04/03/2025;267641
1;VAGO;846144;07/11/2025;275103
1;VAGO;846145;05/05/2025;269236
1;VAGO;846147;05/01/2026;276344
1;VAGO;846149;04/03/2025;267642
1;VAGO;846150;23/12/2024;265897
1;VAGO;846151;23/12/2024;265898
1;VAGO;846152;23/12/2024;265899
1;VAGO;846153;24/03/2025;268265
1;VAGO;846154;24/03/2025;268266
1;VAGO;846155;22/01/2026;276888
1;VAGO;846158;04/03/2025;267643
1;VAGO;846159;04/03/2025;267644
1;VAGO;846161;14/02/2025;267154
1;VAGO;846162;14/02/2025;267155
1;VAGO;846163;06/10/2025;274087
1;VAGO;846164;14/02/2025;267157
1;VAGO;846165;23/12/2024;265900
1;VAGO;846166;04/03/2025;267645
1;VAGO;846167;04/09/2025;273313
1;VAGO;846168;05/05/2025;269242
1;VAGO;846169;01/07/2025;270690
1;VAGO;846170;04/09/2025;272673
1;VAGO;846171;01/07/2025;270692
1;VAGO;846172;09/06/2025;270116
1;VAGO;846173;09/06/2025;270117
1;VAGO;846174;24/03/2025;268269
1;VAGO;846175;24/03/2025;268270
1;VAGO;846176;05/05/2025;269243
1;VAGO;846177;04/03/2025;267647
1;VAGO;846178;04/03/2025;267648
1;VAGO;846179;05/05/2025;269244
1;VAGO;846187;04/03/2025;267650
1;VAGO;846188;23/12/2024;265907
1;VAGO;846189;23/12/2024;265909
1;VAGO;846191;06/10/2025;274091
1;VAGO;846192;28/07/2025;271608
1;VAGO;846193;28/07/2025;271610
1;VAGO;846194;04/09/2025;272674
1;VAGO;846195;04/09/2025;272675
1;VAGO;846198;28/07/2025;271613
1;VAGO;846199;09/06/2025;270121
1;VAGO;846200;01/07/2025;270694
1;VAGO;846210;05/05/2025;269347
1;VAGO;846211;05/05/2025;269348
1;VAGO;846212;09/06/2025;270122
1;VAGO;846213;28/07/2025;271616
1;VAGO;846221;04/12/2025;275824
1;VAGO;846223;04/09/2025;273297
1;VAGO;846224;28/07/2025;271618
1;VAGO;846225;28/07/2025;271620
1;VAGO;846235;06/10/2025;274092
1;VAGO;846236;06/10/2025;274093
1;VAGO;846237;06/10/2025;274634
1;VAGO;846238;05/01/2026;276349
1;VAGO;846239;22/01/2026;276892
1;VAGO;846250;04/09/2025;272684
1;VAGO;846251;07/11/2025;275108
1;VAGO;846252;11/08/2025;272170
1;VAGO;846262;11/08/2025;271910
1;VAGO;846263;14/02/2025;267158
1;VAGO;846265;01/07/2025;270697
1;VAGO;846268;23/12/2024;265910
1;VAGO;846270;09/06/2025;270126
1;VAGO;846271;23/12/2024;265914
1;VAGO;846279;06/10/2025;274636
1;VAGO;846287;11/08/2025;271916
1;VAGO;846288;04/12/2025;275826
1;VAGO;846298;04/03/2025;267653
1;VAGO;846299;07/11/2025;275111
1;VAGO;846300;07/11/2025;275112
1;VAGO;846301;06/10/2025;274099
1;VAGO;846308;06/10/2025;274100
1;VAGO;846309;04/12/2025;275828
1;VAGO;846310;11/08/2025;271919
1;VAGO;846311;04/12/2025;275829
1;VAGO;846320;06/10/2025;274637
1;VAGO;846322;05/01/2026;276353
1;VAGO;846323;05/01/2026;276354
1;VAGO;846328;22/01/2026;276904
1;VAGO;846332;06/10/2025;274638
1;VAGO;846333;04/09/2025;273311
1;VAGO;846342;11/08/2025;271920
1;VAGO;846344;07/11/2025;275117
1;VAGO;846346;06/10/2025;274641
1;VAGO;846347;22/01/2026;276907
1;VAGO;846348;22/01/2026;276909
1;VAGO;846350;24/03/2025;268291
1;VAGO;846354;23/12/2024;265919
1;VAGO;846355;23/12/2024;265920
1;VAGO;846356;23/12/2024;265922
1;VAGO;846357;23/12/2024;265923
1;VAGO;846358;14/02/2025;267162
1;VAGO;846359;14/02/2025;267187
1;VAGO;846361;24/03/2025;268294
1;VAGO;846364;05/05/2025;269253
1;VAGO;846366;04/12/2025;275831
1;VAGO;846371;07/11/2025;275118
1;VAGO;846375;22/01/2026;276911
1;VAGO;855433;26/01/2026;276963
1;VAGO;855434;28/01/2026;277085
1;VAGO;855435;28/01/2026;277088
1;VAGO;855436;26/01/2026;276962
2;OBSTRUIDO;855440;18/09/2025;273287
